ID,Predicted,Smiles
Amb22893107,1,CC(C)=CCc(c(OC(CC1=O)c2ccccc2)c1c(O)c1)c1O
Amb24052177,1,C[C@H](Cc(c(-c(c(OC)c1OC)c(C2)cc1OC)c1O)cc(OC)c1OC)[C@@]2(C)O
Amb22893307,1,C[C@H](Cc(cc1OCOc1c1OC)c1-c1c2O)[C@@H](C)Cc1cc(OC)c2OC
Amb1349101,1,Oc(cccc1C(c2cccc(O)c22)=O)c1C2=O
Amb2719715,1,Oc(cccc1C(C=C2)=O)c1C2=O
Amb6600417,1,C[C@@H]([C@@H]([C@H]([C@@H]1O)O)O)O[C@@H]1Oc(cc1C(c2cc(C)cc(O)c22)=O)cc(O)c1C2=O
Amb22583893,1,Cc(cc1C(c2cc(O[C@H]([C@H]3O)OC[C@]3(CO)O)cc(O)c22)=O)cc(O)c1C2=O
Amb540847,1,CC(C(c1c2c(O)ccc1)=O)=CC2=O
Amb543347,1,Cc(cc1C(c2cccc(O)c22)=O)cc(O)c1C2=O
Amb6350187,1,Cc(cc1C(c2cc(O)cc(O)c22)=O)cc(O)c1C2=O
Amb4037060,1,OC(c(cc1C(c2cccc(O)c22)=O)cc(O)c1C2=O)=O
Amb18511463,1,Oc(c(O)c1)cc(C=C2)c1OC2=O
Amb18511465,1,OC1=Cc(cccc2)c2OC1=O
Amb18511467,1,Oc1ccc(C=CC(O2)=O)c2c1O
Amb18511475,1,COc1cc(OC(C=C2)=O)c2cc1O
Amb18133967,1,COc(cc(C=CC(O1)=O)c1c1O)c1OC
Amb18511478,1,Oc(cc1)cc(C=C2)c1OC2=O
Amb18511483,1,COc(cc(C=CC(O1)=O)c1c1O)c1O
Amb18511484,1,Oc(c(occ1)c1cc1C=C2)c1OC2=O
Amb18511490,1,COc1ccc(C=CC(O2)=O)c2c1O
Amb18511583,1,COc(ccc(C(Oc(c1c2O)cc(OC)c2OC)=CC1=O)c1)c1O
Amb18011492,1,OC1=C(c2ccccc2)Oc(cccc2)c2C1=O
Amb6356985,1,O[C@H]([C@@H](c(cc1O)cc(O)c1O)Oc1c2ccc(O)c1)C2=O
Amb18511608,1,COc(c(O)c(c(OC(c(cc1)cc(O)c1O)=C1)c2)C1=O)c2O
Amb2694281,1,COc1cc(OC(CC2=O)c3ccccc3)c2c(O)c1
Amb18511405,1,COc(cc(cc1)C(Oc(cc(cc2O)O)c2C2=O)=C2O)c1O
Amb18511398,1,Oc(cc1O)cc(OC(c(cc2)cc(O)c2O)=C2)c1C2=O
Amb18511406,1,Oc(cc1O)cc(OC(c(cc2)cc(O)c2O)=C2O)c1C2=O
Amb18511623,1,COc(cc1O)cc(OC(c(cc2)cc(O)c2O)=C2O)c1C2=O
Amb18511408,1,Oc(cc1)cc(OC(c(cc2O)cc(O)c2O)=C2O)c1C2=O
Amb18511625,1,Oc(cc1O)cc(OC(c(cccc2)c2O)=C2O)c1C2=O
Amb4477658,1,Oc1ccc(C(C2)Oc(cc(cc3)O)c3C2=O)cc1
Amb4005381,1,Oc1cc(OC(CC2=O)c3ccccc3)c2c(O)c1
Amb18511407,1,Oc(cc1)cc(OC(c(cc2)cc(O)c2O)=C2O)c1C2=O
Amb18511631,1,COc(cc(cc1)C(Oc(cc(cc2)O)c2C2=O)=C2O)c1O
Amb540702,1,Oc(cc1)cc(C(C2)=O)c1OC2c1ccccc1
Amb18511639,1,COc(cc1)cc(C2=O)c1OC(c1ccccc1)=C2O
Amb2719634,1,Oc(cc1)cc(OC(C2)c3ccccc3)c1C2=O
Amb18511651,1,COc1cc(C(Oc(cc(cc2O)O)c2C2=O)=C2O)cc(OC)c1O
Amb18511659,1,Oc(cc1)ccc1C(Oc(cc(cc1)O)c1C1=O)=C1O
Amb18511660,1,Oc(cc1)cc(OC(c2ccccc2)=C2O)c1C2=O
Amb18511672,1,COc1cc(C(Oc(cc(cc2)O)c2C2=O)=C2O)cc(OC)c1OC
Amb18511676,1,COc(cc1O)cc(OC(c(cc2)cc(OC)c2O)=C2O)c1C2=O
Amb18511678,1,Oc(ccc(C(Oc1c2ccc(O)c1O)=CC2=O)c1)c1O
Amb18511696,1,Oc(cc1)ccc1C(Oc(c1c2O)cc(O)c2O)=CC1=O
Amb18511697,1,Oc(cc1O)cc(OC(c(cc2O)cc(O)c2O)=C2)c1C2=O
Amb18511698,1,COc(ccc(C(Oc(c(C1=O)c2O)cc(OC)c2OC)=C1OC)c1)c1O
Amb18511700,1,COc(cc(cc1O)C(Oc(cc(cc2O)O)c2C2=O)=C2O)c1O
Amb18511703,1,Oc(cc1)ccc1C(Oc(c(O)c(cc1O)O)c1C1=O)=C1O
Amb18511705,1,Oc(cc1)cc(C2=O)c1OC(c1ccccc1)=C2O
Amb2708779,1,CCCCCCCCCCCC(O)=O
Amb8396599,1,CC(C)c(cc(CC[C@@H](C(C)(C)CCC1)[C@@]11C(O)=O)c1c1O)c1O
Amb6356602,1,CCCCCC(CC(CCc(cc1)cc(OC)c1O)=O)O
Amb18511829,1,CCCCCCCC(CC(CCc(cc1)cc(OC)c1O)=O)O
Amb1933716,1,OC(c(cc1O)cc(O)c1O)=O
Amb569744,1,CCCCCC(CC1)OC1=O
Amb8513554,1,CCCCCC(CC)=O
Amb16193259,1,COc1cc(CCCO)cc(OC)c1O
Amb6491145,1,OC(c(cc(cc1)O)c1O)=O
Amb6296118,1,COc(cc(cc1O)C(O)=O)c1O
Amb18511872,1,Oc1cc(C(Oc(c-2c(cc3O)C(O4)=O)c3O)=O)c2c4c1O
Amb4379973,1,COC(c(cc1O)cc(O)c1O)=O
Amb1280562,1,COc1cc(C(O)=O)cc(OC)c1O
Amb6298853,1,CCOC(c(cc1O)cc(O)c1O)=O
Amb2694239,1,CCCCCCCCCCCC(C(C(O)=CC1=O)=O)=C1O
Amb2715513,1,CC(C)CCCCCCC(NCc(cc1)cc(OC)c1O)=O
Amb533592,1,CC(C)/C=C/CCCCC(NCc(cc1)cc(OC)c1O)=O
Amb10845262,1,CC(C)(C=C1)Oc(c2ccccc22)c1c(C(OC)=O)c2O
Amb22172606,1,COC(c(nccc1c2c3cccc2)c1n3C1=O)=C1O
Amb22172607,1,Oc1c(c(cccc2)c2n2C(C=C3)=O)c2c3nc1
Amb22172609,1,CC(C)(C=Cc1c(c(C=C2)c3)OC2=O)Oc1c3O
Amb22172618,1,COc1cc(OC(C=C2)=O)c2c(OC)c1O
Amb8401144,1,CC(C)(C=Cc1c2)Oc1cc(O)c2C(C)=O
Amb19742224,1,COc(cc(c1c2O)OC(c(cc3)ccc3O)=CC1=O)c2OC
Amb22172624,1,COc(cc(cc1)C(Oc(c(C2=O)c3O)cc(OC)c3OC)=C2OC)c1O
Amb22172628,1,CC(Oc(ccc(C(Oc(c(C1=O)c2O)cc(OC)c2OC)=C1OC)c1)c1OC)=O
Amb22172629,1,COc(cc1)ccc1C(Oc(c(OC)c(c(OC)c1O)O)c1C1=O)=C1OC
Amb18511400,1,Oc(cc1)ccc1C(Oc(cc(cc1O)O)c1C1=O)=C1O
Amb21855868,1,C[C@@]1(C[C@@H](C[C@]2(C)O)OC2=O)O[C@@H]1COc(cc1)cc(O2)c1C=CC2=O
Amb1811488,1,CC(c(ccc(O)c1)c1O)=O
Amb19928292,1,Oc(cc1O)cc(OC(c(c(O)ccc2)c2O)=C2O)c1C2=O
Amb22168721,1,COc(c(C1=O)c2OC(c(cc3OC)cc(OC)c3OC)=C1OC)cc(OC)c2O
Amb20246386,1,COc(cc1)ccc1C(Oc(c1c2O)cc(O)c2OC)=CC1=O
Amb19742232,1,COc(c(O)c(c(OC(c(cc1)ccc1O)=C1)c2)C1=O)c2O
Amb22172661,1,OCC(Oc1cc(occ2)c2c(O)c11)=CC1=O
Amb22172662,1,COc(c(Oc(c1c2O)cc(OC)c2OC)c2C1=O)ccc2O
Amb22172664,1,COc(cc(c(C1=O)c2O)OC(c(cc3)ccc3O)=C1OC)c2OC
Amb22172666,1,COc(cc1)ccc1C(Oc(c1c2O)cc(OC)c2OC)=CC1=O
Amb22168686,1,CCCCCC(N(C)c1c2cccc1)=CC2=O
Amb22168699,1,CC(C)=CCC1=Cc(ccc(O)c2)c2OC1=O
Amb6296176,1,COc1cc(/C=C/C=O)cc(OC)c1O
Amb22172672,1,COc(c1c2occ1)c(C=CC(O1)=O)c1c2Oc(c1c2occ1)c(C=CC(O1)=O)c1c2O
Amb18666347,1,CC(C)(Cc(c1c(C)c(CCO)c2C)c2O)C1=O
Amb3015157,1,COC(c(cc1OC)cc(OC)c1O)=O
Amb18511480,1,Oc(cc1)cc(O2)c1C=CC2=O
Amb19959198,1,CC(C)=CCC1=Cc(cc(c(O)c2)OC)c2OC1=O
Amb22172674,1,COc(ccc(C(Oc(c1c2O)cc(O)c2OC)=CC1=O)c1)c1O
Amb15770000,1,OCc(cc1C(c2cc(O)cc(O)c22)=O)cc(O)c1C2=O
Amb19959159,1,COc(c(O)cc(C(Oc(c1c2O)cc(O)c2OC)=CC1=O)c1)c1O
Amb22172678,1,CC(C)(C=C1)Oc(cc2OC=C3c(cc4)ccc4OC(C)=O)c1c(O)c2C3=O
Amb19747061,1,CC(C)=CCc(c(O)c(c(OC=C1c(cc2)ccc2O)c2)C1=O)c2O
Amb22172682,1,COc1cc(OC(C=C2)=O)c2c(O)c1OC
Amb22172683,1,CC(C)(C(C1)Oc(cc2OC=C3c(cc4)ccc4O)c1c(O)c2C3=O)O
Amb22172684,1,CC(CO)(C=C1)Oc(cc2OC=C3c(cc4)ccc4O)c1c(O)c2C3=O
Amb22168785,1,CC(C)=CCc(c(O)c1OC)cc2c1Oc(c(O)ccc1O)c1C2=O
Amb22172689,1,CC(C)(C=C1)Oc(cc2OC(c(cc3)ccc3O)=C3)c1c(O)c2C3=O
Amb22172691,1,CC(C)=CCc(c(O)c(c(OC=C1c(ccc(O)c2)c2O)c2)C1=O)c2O
Amb19804527,1,COc1cc(C(Oc2c3c(O)cc(O)c2)=CC3=O)cc(OC)c1O
Amb19959192,1,COc1cc(OC)c(C(c(cccc2O)c2O)=O)c(O)c1
Amb1780380,1,Cc1cc(O)c(C)c(O)c1C(OC)=O
Amb19959144,1,COc(cc(cc1O)C(Oc(c2c3O)cc(OC)c3OC)=CC2=O)c1OC
Amb22168716,1,CC(C)=CCc(c(O)c(c(OC(c(cc1)ccc1O)=C1)c2)C1=O)c2O
Amb22168787,1,CC(C)=CCc(c(O)c1O)cc2c1Oc(c(O)ccc1O)c1C2=O
Amb22172700,1,CC(C)(c1cc(c(O)c(c(OC=C2c(cc3)ccc3O)c3)C2=O)c3o1)O
Amb19959185,1,COc1c2oc(-c(cc3)cc(OC)c3O)cc2cc(CCCO)c1
Amb22167444,1,COc1cc(C(Oc(c2c3O)cc(OC)c3OC)=CC2=O)cc(OC)c1O
Amb22172712,1,CC(C)(CCc(c1c2Oc(c(O)ccc3O)c3C1=O)c(CCC(C)(C)O1)c1c2O)O
Amb22172713,1,CC(C)(CCc(c1c2Oc(c(O)ccc3O)c3C1=O)c(CCC(C)(C)O1)c1c2O)OC=O
Amb19928490,1,COc(c(O)c(c(OC(c1ccccc1)=C1)c2)C1=O)c2O
Amb22172715,1,Cc1cc(C(C=CC2=O)=O)c2c(O)c1-c(c(C(C=C1)=O)c2C1=O)c(C)cc2O
Amb22172718,1,CC(C)(CC1)Oc(cc2OC=C3c(cc4)ccc4O)c1c(O)c2C3=O
Amb22172719,1,CCC(c(cc1)ccc1Oc(cc(CC=C)cc1)c1O)=O
Amb22172730,1,CC(C)=CCc1cc(C(O)=O)cc(CC=C(C)C)c1O
Amb22172733,1,CC(C)(CCc(c1c(cc2O)Oc3cc(O)c(CCC(C)(C)O4)c4c3C1=O)c2OC)O
Amb22172735,1,CC(C)(CCc(c1c(cc2O)Oc3cc(OC(C)(C)CC4)c4c(O)c3C1=O)c2OC)O
Amb22172736,1,CC(C)(CCc(c1c(cc2O)Oc3cc(OC(C)(C)CC4)c4c(O)c3C1=O)c2OC)OC=O
Amb1792959,1,C=CCc(cc1)cc(O)c1O
Amb22172737,1,Cc(c(C(c1c2O)=O)c3Oc1cc(O)c2OC)cc(O)c3OC
Amb22172739,1,Oc1ccc(/C=C(\COc2c3c(O)cc(O)c2)/C3=O)cc1
Amb22172741,1,COc(ccc(CC(COc1c2c(O)cc(O)c1)C2=O)c1)c1O
Amb22172743,1,Cc1cc(O)cc(Oc(c2c3O)cc(O)c3OC)c1C2=O
Amb22172747,1,COc(cc(c1c2OCC(Cc(cc3)ccc3O)C1=O)O)c2O
Amb22168736,1,CC(C)=CCc(ccc1ccccc11)c1O
Amb22172751,1,COc1c(cnc2c(cc3OCOc3c3)c3ccc22)c2ccc1O
Amb19742219,1,COc(cc(c(C1=O)c2O)OC(c(cc3)cc(O)c3O)=C1OC)c2OC
Amb22172757,1,CC(CC(c1c2OC)N(C)c(c(c(cc3)c4)cc5c4OCO5)c3-c1ccc2O)=O
Amb22172762,1,COc(c(-c(cc(CCC(CCCC1)=O)cc2)c2O)cc1c1O)c1OC
Amb22172767,1,CC(C)=CCc(c(O)cc(-c1cc(ccc(O)c2)c2o1)c1)c1O
Amb22168788,1,CC(C)=CCc(c(O)c(c(Oc(cc1)c2cc1O)c1)C2=O)c1OC
Amb22172768,1,CC(C)(CCc(c1c(cc2O)Oc3cc(OC(C)(C)CC4)c4c(O)c3C1=O)c2O)O
Amb19959173,1,CC(C)=CCc(c(O)c(c(Oc1c2c(O)ccc1O)c1)C2=O)c1OC
Amb8401487,1,Cc(c(O)c(c(C(c1c2cccc1)=O)c1)C2=O)c1O
Amb22168789,1,CC(C)=CCc(c(O)c(c(Oc(cc1)c2cc1O)c1)C2=O)c1O
Amb22166795,1,CC(C)=CCc(c(O)c(C(c1ccccc1)=O)c(O)c1)c1O
Amb22172778,1,CC(C)(C(C1)O)Oc(cc2Oc(cc3O)c4c(CC=C(C)C)c3OC)c1c(O)c2C4=O
Amb22172780,1,CC(C)(CCC1=C(c(ccc(O)c2)c2O)Oc(c2c(cc3O)OC(C)(C)CC2)c3C1=O)O
Amb22172781,1,CC(c(c(C)cc(C(C(OC)=C1)=O)c2C1=O)c2O)=O
Amb22172782,1,CC(C)(C=Cc1cc2c3Oc(cc(cc4O)O)c4C2=O)Oc1c3O
Amb22172788,1,CC(C)(CCC1=C(c(ccc(O)c2)c2O)Oc(c2c(cc3O)OC(C)(C)C=C2)c3C1=O)O
Amb22168758,1,CC(C)(CC1)Oc2c1c(O)c(C(c1ccccc1)=O)c(O)c2
Amb22168796,1,CC(C)(CCc(c(O)c(C(c1ccccc1)=O)c(O)c1)c1O)O
Amb22172790,1,CC(c(c(C)cc1cc(OC)cc(O)c11)c1O)=O
Amb22172791,1,Oc1ccc(/C=C(\COc2c3ccc(O)c2)/C3=O)cc1
Amb22172794,1,Oc(cc1)cc(OCC2Cc(cc3)cc(O)c3O)c1C2=O
Amb22172795,1,CC(C)(C=C1)Oc2c1cc(c(COc1c-3ccc(O)c1)c3o1)c1c2
Amb19959174,1,Oc(cc1)cc2c1C=C(Cc(cc1)cc(O)c1O)CO2
Amb22172801,1,Cc(c(O)c(c(C(c1c2ccc(O)c1)=O)c1)C2=O)c1O
Amb22172813,1,CC(C)=CCc(c(O)c(cc1)C2=COc(cc(cc3)O)c3C2=O)c1O
Amb22172815,1,CC(C)=CCc(cc(cc1)C(Oc(cc(cc2O)O)c2C2=O)=C2O)c1O
Amb18128037,1,Oc(cc1O)cc(OC=C2)c1C2=O
Amb19959183,1,COc1cc(C(CCO)=O)cc(OC)c1O
Amb22172819,1,Oc(cc1)ccc1OC(Oc1c2c(O)cc(O)c1)=CC2=O
Amb16231163,1,CCCCCc1cc(O)cc(O)c1
Amb22172841,1,COc(c1cc(NC2=O)c3c2c2)cccc1c3c(O)c2OC
Amb22172861,1,OC(CC1=O)(c(cc2)ccc2O)Oc2c1c(O)cc(O)c2
Amb19928540,1,COc(c(O)c(c(OC(c(cc1)ccc1O)=C1OC)c2)C1=O)c2O
Amb22172867,1,CC(C)(C=C1)Oc2c1c(OC)c(C=C(CO1)c(ccc(O)c3)c3O)c1c2
Amb8401509,1,CC(C)=CCc(c(OC)c(cc1)C2=Cc(ccc(O)c3)c3OC2)c1O
Amb22172869,1,CC(C)=CCc(cc(cc1)C(Oc(c(C2=O)c3O)cc(O)c3OC)=C2OC)c1O
Amb22172871,1,CN(c(c(c(cc1)c2)cc3c2OCO3)c1-c(c1c2OC)ccc2OC)C1=O
Amb22172872,1,COc1cc(O)cc(O2)c1C=C(c(ccc(O)c1)c1O)C2=O
Amb22172874,1,CC(CCc(cc(cc1)C(Oc(c(C2=O)c3O)cc(O)c3OC)=C2OC)c1O)CO
Amb22172877,1,CC(C)=CC1Oc(cc(cc2)O)c2C(Oc2c3c(O)cc(O)c2)=C1C3=O
Amb22172882,1,CC(C)=CCc1cc(C(Oc(cc(cc2O)O)c2C2=O)=C2OC)cc(OC)c1O
Amb22172884,1,COc(cc(c1c2O)OC(c(cc3)cc(O)c3O)=CC1=O)c2O
Amb22172886,1,CC(C)C(C(c(ccc1c2CCCC1(C)C)c2C1=O)=O)=C1O
Amb22172887,1,CC(C)([C@@H]([C@@H]1OC)Oc(cc2OC=C3c(cc4)ccc4O)c1c(O)c2C3=O)O
Amb22172889,1,Oc(cc1)cc(OC2)c1-c1c2c(cc2OCOc2c2)c2o1
Amb22172891,1,Cc(c(O)c(C)c(OC(c(cc1)ccc1O)=C1)c2C1=O)c2O
Amb19928283,1,CC(C)(C=Cc1c2O)Oc1c(CC=C(C)C)c(OC=C1c(cc3)cc(O)c3O)c2C1=O
Amb20246355,1,CC(C)=CCc(c(O)c1)cc(-c2c3c(ccc(O)c4)c4o2)c1OC3=O
Amb22172899,1,CC(C)(C=C1)Oc(cc2O)c1c(OC1=C3c(cc(c(OC)c4)OC)c4OC1)c2C3=O
Amb22172909,1,CCCCCCCC(/C=C/c(cc1)ccc1O)=O
Amb22172912,1,Oc(cc1)cc2c1c(COc1c-3ccc(O)c1)c3o2
Amb22172915,1,Cc(c(O)c(c(OC1=C2c(cccc3O)c3OC1O)c1)C2=O)c1OC
Amb22172917,1,Cc(c(O)c(c(OC1=C2c(cccc3)c3OC1O)c1)C2=O)c1O
Amb22172919,1,Cc(c(O)c(c(OC1=C2c(ccc(O)c3)c3OC1O)c1)C2=O)c1OC
Amb22172922,1,Cc(c(O)c(c(OC1=C2c(ccc(O)c3)c3OC1O)c1)C2=O)c1O
Amb22172924,1,C=CCc(cc(cc1)-c(cc(CC(CO)O)cc2)c2O)c1O
Amb19132776,1,CC(C)=CCc(c(OC(c(cc1)ccc1OC)=C1O)c(c(O)c2)C1=O)c2O
Amb22172928,1,CC(Oc1c2c(O)c(C)c(O)c1C)=CC2=O
Amb22172934,1,COc(cc1O)cc(OC(Oc(cc2)ccc2O)=C2)c1C2=O
Amb22172935,1,CC(C)=CCc(c(OC(c(cc1)cc(O)c1O)=C1)c(cc2)C1=O)c2O
Amb22173585,1,Oc(cc1)cc(OC/C2=C\c(cc3)cc(O)c3O)c1C2=O
Amb6298026,1,CC(C)=CCc(c(O)c(C(CC(c(cc1)ccc1O)O1)=O)c1c1)c1O
Amb22173603,1,COc(cc(/C=C/CO)cc12)c1OCC2c(cc1OC)cc(OC)c1O
Amb22173623,1,Cc(cc(c(C(c1c2cccc1)=O)c1OC)C2=O)c1O
Amb22173628,1,COc(cc1)cc(n(c2c(C=C3)nc4)C3=O)c1c2c4O
Amb22173629,1,Oc1cccc2c1c1ccnc(C=C3)c1n2C3=O
Amb22173630,1,Oc(cc1)cc2c1c1ccnc(C=C3)c1n2C3=O
Amb22173638,1,CC(C)C(C1=O)=Cc2ccc(C(C)(C)CC=C3)c3c2C1=O
Amb22173641,1,CC(C)c1cc(C(C(O)=C2C3(C)CCCC2(C)C)=O)c3cc1O
Amb20246391,1,COc1ccc(C=C(c2c(CC3)cc4OCOc4c2)N3C2=O)c2c1OC
Amb22173643,1,O=C1N(CCc2c3cc4OCOc4c2)C3=Cc(cc2)c1c1c2OCO1
Amb22173645,1,CC(C)(CCC1)c(cc2)c1c(C=C1O)c2C=C(C)C1=O
Amb22173648,1,CC(C)c(cc(ccc(C(C)(C)CC1)c2C1=O)c2c1O)c1O
Amb22173650,1,CC(C)C(C1=O)=Cc(ccc2c3CCCC2(C)C(OC)=O)c3C1=O
Amb22173659,1,CC(CO)C(C(c(ccc1c2CCCC1(C)C)c2C1=O)=O)=C1O
Amb22173660,1,CC(C)C(C(O1)=Cc(c(C)ccc2cc3C(C)C)c2c1c3O)=O
Amb22173665,1,CC(C)c1cc(C(C[C@@H]2[C@]3(C)CCCC2(C)C)=O)c3cc1O
Amb22173669,1,Oc(cc1O)cc(OC(c(c(O)ccc2)c2O)=C2)c1C2=O
Amb22173673,1,COC(C(n1c2c3nccc2c2c1cccc2)=O)=C3O
Amb22173677,1,C[C@@H](Cc(c-1c2O)cc(OC)c2OC)[C@@H](C)Cc(cc2OC)c1c(OC)c2OC
Amb21855656,1,COc(c(OC)c(c(OC(c(c(O)ccc1)c1O)=C1)c2C1=O)OC)c2O
Amb19928315,1,COc(cccc1O)c1C(Oc(c(OC)c1OC)c2c(O)c1OC)=CC2=O
Amb22173679,1,COc(c(O)c1)cc(OC(c(cccc2)c2O)=C2O)c1C2=O
Amb22173682,1,CC(C)(CC1)Oc(cc2)c1cc2C1=COc(cc(cc2)O)c2C1=O
Amb22173689,1,CC(C)C(C(c(ccc1c2CCCC1(C)C(OC)=O)c2C1=O)=O)=C1O
Amb22173692,1,CC(C)c(cc(ccc(C)c12)c1c1OCC2=O)c1O
Amb22173696,1,CC(C)c1cc(C(C=C2C3(C)CCCC2(C)C)=O)c3c(O)c1O
Amb22173697,1,CC(C)c1cc(C=CC2(C)C3=CCCC2(C)C)c3c(O)c1O
Amb22173698,1,CC(C)C(C(C(O)=C1[C@](C)(CCCC2(C)C)[C@@]22O)=O)=CC1=CC2=O
Amb22173701,1,CC(C)c(cc(C=C[C@@](C)(C(C)(C)CCC1=O)[C@]11O)c1c1O)c1O
Amb22173706,1,CC(C)c(cc(ccc(C)c12)c2c2OC1=O)c2O
Amb22173709,1,CC(C)(CCC1)[C@@H](C[C@H](C2=CC(C)=C3O)OC4)[C@@]14C2=CC3=O
Amb22173710,1,CC(C)(CCC1)[C@H](C2)[C@@]1(CO)c(cc(c(C)c1)O)c1C2=O
Amb19886346,1,COc(c(O)c1)cc(C=C2Oc(cc3)cc(O4)c3C=CC4=O)c1OC2=O
Amb22173733,1,COc(cccc1)c1C(Oc1c2c(O)cc(OC)c1O)=CC2=O
Amb22173735,1,CC(C)c(cc(ccc(C)c12)c2c2OC(C)(C)CCC1=O)c2O
Amb22173737,1,CC(C)c(c(O)c1)cc([C@]2(C)[C@@H](C3)C(C)(C)CCC2)c1C3=O
Amb22173743,1,CC(C)c(cc(C=C[C@@](C)([C@@H]12)C(C)(C)CCC2=O)c1c1O)c1O
Amb22173746,1,CC(C)c1cc(CC[C@@H]2[C@]3(CO)CCC[C@@]2(C)CO)c3c(O)c1OC
Amb22173759,1,CCCCC[C@H](C[C@H](CCc(cc1)cc(OC)c1OC)OC(C)=O)OC(C)=O
Amb22173762,1,COc1cc(C(OCCc(cc2)ccc2O)=O)cc(OC)c1O
Amb22173773,1,CC(C)(CCC1=C(c(ccc(O)c2)c2O)Oc(c(C2)c(cc3O)OC2C(C)(C)O)c3C1=O)O
Amb18664177,1,Oc1cc(oc(-c2cc(O)cc(O)c2)c2)c2cc1
Amb22173782,1,CC(O[C@@H](C[C@@](CCN[C@@H]1[C@H](c2ccc3OC)O)(C1=C1OC)c2c3O)[C@H]1OC(C)=O)=O
Amb19131663,1,CC(C)=CCc(c(OC(c(cc1)ccc1O)=C1O)c(c(O)c2)C1=O)c2O
Amb22173810,1,COc(c(OC(c(cc1)ccc1O)=C1O)c(c(O)c2)C1=O)c2O
Amb22173813,1,CCCCC[C@H](C[C@H](CCc(cc1)cc(OC)c1O)OC(C)=O)OC(C)=O
Amb22173814,1,COc(cc(cc1)C(Oc(c(OC)c(cc2O)O)c2C2=O)=C2O)c1O
Amb19742234,1,COc(cc(cc1)C(Oc(c(O)c2OC)c3c(O)c2OC)=CC3=O)c1O
Amb22173823,1,COc(c(OC)c12)ccc2C(O)=C(c2c(CC3)cc4OCOc4c2)N3C1=O
Amb8399350,1,COc(cc(c(C(C1)=O)c2O)OC1c1ccccc1)c2OC
Amb22173843,1,COc(c(OC)c(c(OC(c(cc(cc1)O)c1O)=C1)c2C1=O)O)c2O
Amb22173845,1,COc(cc1OC)cc(OC(c(cc(cc2)O)c2O)=C2O)c1C2=O
Amb22173857,1,CC1(C)Oc2c(C=CC(C)(C)O3)c3c(C(C=C(c(ccc(O)c3)c3O)O3)=O)c3c2CC1
Amb22173858,1,CC(C)(CCc1c(cc2OC(c(ccc(O)c3)c3O)=C3)O)Oc1c2C3=O
Amb22173869,1,CC(C)=CCc(c(C=C1)c(c(CC=C(C)C)c2O)OC1=O)c2O
Amb22173870,1,COc1cc(O)cc(OC(c(cc2)ccc2O)=C2O)c1C2=O
Amb22173874,1,CC(C)=CCC/C(/C)=C/COc1cc(OC(C=C2)=O)c2cc1O
Amb533790,1,C=CCc(cc1)cc(-c(cc2)cc(CC=C)c2O)c1O
Amb22173878,1,CC(C)(C=C1)Oc(cc2)c1cc2C(COc1c2c(O)cc(O)c1)=C2O
Amb22173879,1,CC1(C)OC1CC(c(cc(c(CO)c1)O)c1OC1=O)=C1OC
Amb22173882,1,OCc(c(O)c1C(c2c3cccc2)=O)ccc1C3=O
Amb22173884,1,Oc(cc1O)cc(Oc2c3ccc(O)c2O)c1C3=O
Amb18511704,1,Oc(cc1)cc(O)c1C(Oc(cc(cc1O)O)c1C1=O)=C1O
Amb22173888,1,Cc(c(O)c1)cc(C(c2cc(O)cc(O)c22)=O)c1C2=O
Amb22173893,1,COc(c(OC)c1C(N(CC2)=C3c4c2cc2OCOc2c4)=O)ccc1C3=O
Amb8389094,1,COc(cc(c(C(c1c2cccc1)=O)c1OC)C2=O)c1O
Amb533280,1,Cc(cc(c(C(c1c2cccc1)=O)c1O)C2=O)c1O
Amb3999461,1,Oc(cc(c(O)c1C(c2c3cccc2)=O)O)c1C3=O
Amb547841,1,Cc(c(O)c1C(c2c3cccc2)=O)ccc1C3=O
Amb22173897,1,COc(c(O)c1C(c2c3cccc2)=O)ccc1C3=O
Amb8399267,1,CCOC(c(ccc(OC)c1)c1O)=O
Amb22173929,1,COc1cc(O)cc(O2)c1C=CC2=O
Amb22173940,1,CC(C)(CCC1)[C@H]2[C@@]1(C)c1cc(O)c(C)cc1CC2
Amb6600390,1,Oc1ccc(C=C(c(cc2O)c(CC3)cc2O)N3C2=O)c2c1O
Amb18511479,1,Cc(c(OC)c(c(C(c1c2cccc1)=O)c1)C2=O)c1O
Amb22173946,1,COc(c(O)c1)cc(C=C2)c1OC2=O
Amb22173947,1,Oc(c(O)c1)cc(CCN2C=C34)c1C2=CC4=CC=C(O)=C3O
Amb22173966,1,COc1cc(OC)c(C(/C=C/c2ccccc2)=O)c(O)c1
Amb22173976,1,CC(C)(C(C1)Oc2c1c(OC)cc(O1)c2C=CC1=O)O
Amb8399106,1,CCOC(C)(C)C(Cc(c(OC)cc(O1)c2C=CC1=O)c2OC)O
Amb10564580,1,Cc(c(OC)cc1c2CCC(c(cc3)ccc3O)O1)c2O
Amb22173994,1,O=C(CCc1ccccc1)/C=C/CCc1ccccc1
Amb22173995,1,CCOC(CCc1ccccc1)CC(CCc1ccccc1)=O
Amb8400964,1,COc(cc1CCc2c3)cc(OC4)c1-c2c4c(OC)c3O
Amb22174003,1,COc(cc1CCc2cc(O)c3)cc4c1-c2c3OC4
Amb22174004,1,COc(cc(cc1CC2)O)c1-c(cc1)c2cc1O
Amb22174009,1,CC(C)=CC1Oc(cc(cc2)O)c2C(Oc2c3c(O)cc(O)c2O)=C1C3=O
Amb22174010,1,CC(C)(CC(C=C1C)=O)C1(/C=C/C(C)=O)O
Amb22174011,1,COc(cc(c(C1=O)c2O)OC(c(cc3)cc(O)c3O)=C1O)c2OC
Amb22174013,1,CC(C)=CCc(c(C(OC)=O)c(c1ccccc11)O[C@H]([C@H]2O)OC[C@]2(CO)O)c1O
Amb22174018,1,C[C@](C[C@@H]([C@H]([C@H]1OC2=O)C2=C)O)([C@H]1C(C)=C)C=C
Amb22174019,1,CC(C)([C@H]1O)Oc2cc(OC(C=C3)=O)c3cc2[C@H]1O
Amb22174020,1,CC(C)(C(C1)O)Oc(cc2OC(C)=C3)c1c(O)c2C3=O
Amb18652726,1,CC(C)(C1Oc2cc(OC(C=C3)=O)c3cc2C1)O
Amb22174040,1,Cc(cc1C(C=C2OC)=O)cc(-c(c(OC)cc(OC)c3C=C4)c3OC4=O)c1C2=O
Amb22174042,1,CC(C)(C=C1)OC(c(cccc2)c2N2C)=C1C2=O
Amb22174044,1,COc(c(O)c1C=C2)cc(OC)c1OC2=O
Amb10549806,1,CC(C)C(OCCC[C@H](C)C([C@H]([C@@H]1C2=C)OC(C(C)C)=O)=C(C)C[C@H]1OC2=O)=O
Amb22174055,1,OC(CCCCCCCCCCC/C=C/C(O)=O)=O
Amb22174059,1,CCOC(c(cc1)cc(OC)c1O)=O
Amb24325588,1,COc1cc(OC)c(CCC(c(cc2)ccc2O)=O)cc1
Amb22174082,1,C[C@](CC1)([C@H](CCC(C=C2C)=O)[C@]12O)O
Amb22174083,1,COc(cc1CC2)cc(O)c1-c(cc1)c2cc1O
Amb22174084,1,COc(c1c2OC(c3ccccc3)=CC1=O)cc(OC)c2OC
Amb22174086,1,COc1c(C([C@@H](CC2)[C@@H]3O)=CC3=O)c2cc(O)c1
Amb22174097,1,COc(ccc(CC[C@@H](C[C@@H](/C=C/c(cc1)cc(OC)c1OC)O)O)c1)c1OC
Amb22174101,1,CC(C)(C=Cc1c2)Oc1c(C=CC(C)(C)O1)c1c2C1=COc(cc(cc2O)O)c2C1=O
Amb22174102,1,CC(C)(C=Cc1cc(O)c2CC=C(C)C)Oc1c2C1=COc(cc(cc2O)O)c2C1=O
Amb22174104,1,C[C@@H](CCC([C@]1(C)C[C@@H]2OC3=O)=O)C1=C[C@H]2C3=C
Amb22174115,1,COc(ccc(C1)c2CN(CC3)C1c(cc1OC)c3cc1OC)c2OC
Amb22174121,1,CC(C)=CCc(c1c(c(O)c2CC=C(C)C)OC=CC1=O)c2O
Amb22174125,1,C[C@H](Cc(c(-c1c2cc3OCOc3c1OC)c1OC)cc(OC)c1OC)[C@H](C)C2=O
Amb22174128,1,C[C@H]1C(C(C(c2c3ccc4c2CCC[C@@]4(C)C(OC)=O)=O)=O)=C3OC1
Amb22174133,1,COc1c(CCC(c(cc2)ccc2O)=O)ccc(O)c1
Amb536896,1,Oc(cc1)cc(O2)c1-c(cccc1)c1C2=O
Amb536937,1,CC(C)(C(CC/C(/C)=C/COC(c(cccc1)c1N1)=CC1=O)O)O
Amb20033860,1,CC(C)(CCC1)[C@@H](CC2)[C@]1(C)[C@H](CC1)[C@@]2(C)O[C@]1(C)C=C
Amb21913025,1,CC(C)=CCOc(c(O)c(c(C=C1)c2)OC1=O)c2OC
Amb539382,1,CN(C)CCc(cc1)ccc1O
Amb543510,1,Oc(cc1)cc(OC=C2c3ccccc3)c1C2=O
Amb544017,1,CN(CC1)Cc2c1cc1OCOc1c2OC
Amb554993,1,CN(C=C1)C(Cc(cc2)cc(OC)c2OC)=C(C=C2OC)C1=C=C2OC
Amb4478716,1,Cc1cc(OC(c(c(C)cc(OC)c2C)c2O)=O)c(C)c(O)c1C(O)=O
Amb569309,1,OC(C1)(COc2c3ccc(O)c2O)C3=C(C=C2O)C1=CC2=O
Amb1778917,1,CC(C(c1c2c(O)ccc1O)=O)=CC2=O
Amb569753,1,NCCc(cc1)cc(O)c1O
Amb6565433,1,CC(Oc1c2ccc(OC)c1)=C(c1ccccc1)C2=O
Amb21925394,1,O=C1CCCCCCCCCCC1
Amb21855659,1,CC(CCO)=C
Amb6600357,1,Oc1cccc(C[C@H](CO2)[C@H](Cc3cc(O)ccc3)C2=O)c1
Amb8399846,1,CC(C)(CC(c1cccc(C(O)=O)c11)N(C2)C1=O)c1c2cccc1
Amb20239345,1,CCC(c(cc1)cc2c1OCO2)=O
Amb18511770,1,CN(c1c2cccc1)c1cccc(O)c1C2=O
Amb6600353,1,CS(CCCCN=C=S)=O
Amb533850,1,C[C@](CC1)([C@@H](C[C@H]2O)[C@H](CC3)[C@H]1[C@@](C)(CC1)[C@@H]3C[C@H]1O)[C@]2(C(C)=O)O
Amb17988930,1,c1cc(-c2cc(-c3cnccc3)ncc2)cnc1
Amb22168684,1,COc1cc(/C=C/C=O)cc(OC)c1OC
Amb18474992,1,COc(cc1)ccc1C1=C(C(O)=O)Oc(cc(cc2OC)OC)c2C1=O
Amb6600352,1,CCN(C[C@](C)(CC1)[C@H]2[C@@H]([C@@H]3[C@@](CC[C@@H](C[C@@H]45)O6)([C@H]5C6=O)O)OC(c5ccccc5)=O)[C@H]3[C@]24[C@@H]1OC
Amb6600189,1,C[C@H](CCC(O)=O)[C@H](CC1)[C@](C)(CC2)[C@H]1[C@@H](C1)[C@@H]2[C@](C)(CC[C@H](C2)O)[C@@H]2[C@@H]1O
Amb535979,1,C[C@](CO)(CCC1)[C@@H](CC2)[C@]1(C)[C@H](CCC1=CCOC1=O)C2=C
Amb20622163,1,CN(Cc(cccc1)c1O)[C@@H](CCc1cc(OC)c2OC)C([C@@H]([C@@H]3C=C4OC)C4=O)=C3c1c2OC
Amb6600200,1,CC(C)(C(CC/C(/C)=C\COc1cc(O)nc2ccccc12)O)O
Amb21855706,1,CC(N([C@H](CC1)C2)[C@@H]1C[C@@H]2OC(c(cc1)cc(OC)c1OC)=O)=O
Amb1983543,1,COc(cc1OC)cc(O2)c1C(OC)=C(c(cc1)cc3c1OCO3)C2=O
Amb6600291,1,C[C@H](Cc(c-1c2OC)cc(OC)c2OC)[C@@H](C)Cc(cc2OC)c1c(OC)c2OC
Amb6600177,1,C[C@H]([C@@H]1[C@@H]2C[C@@H]([C@@](CC3)(c(ccc(OC)c4OC)c4N4)C4=O)N3C1)OC=C2C(OC)=O
Amb533768,1,CC(c(oc1c2)cc1cc(C(C)=O)c2O)=C
Amb542591,1,C[C@]([C@@H]([C@H]([C@@](C1)(CC2=C)[C@@H]3CC[C@@]12O)C(O)=O)[C@@]3(C=C1)O2)([C@@H]1O)C2=O
Amb10845201,1,C[C@@](CC[C@@H]([C@H]1CC2)[C@@](C)(CC3)[C@H]2C[C@H]3O)([C@H]([C@H](C2)O)C(CO3)=CC3=O)[C@@]12O
Amb6600356,1,C[C@H](CC1)C(C2)=C1[C@@H](C)CC[C@@H]2C(C)(C)O
Amb21855890,1,CC(C)CC(C(C(C(CC=C(C)C)=C(C1(CC=C(C)C)O)O)=O)=C1O)=O
Amb4477659,1,C[C@H](CC1)CN(C2)[C@@H]1[C@H](C)[C@@H](CC1)[C@@H]2[C@H](C[C@H]([C@@H]2C3)[C@](C)(CC[C@H](C4)O)[C@@H]4[C@@H]3O)[C@@]12O
Amb4478871,1,CC(C)[C@@](CC1)([C@@H]([C@@H](CC(C)=C2)OC(/C(/C)=C\C)=O)[C@@]1(C)C2=O)O
Amb6600421,1,C[C@](Cc1c([C@@H]2O)c(C)co1)([C@@H]1[C@H]3C1)[C@@H]2C3=C
Amb10845228,1,OC[C@@H]([C@@H]([C@H]([C@@H]1O)O)O)O[C@@H]1Oc1ccc([C@@H](C2)Oc(cc(cc3)O)c3C2=O)cc1
Amb3774881,1,C/C(/CCC(O)=O)=C\Cc(c(O)c(c(CO1)c2C)C1=O)c2OC
Amb2371879,1,CCCCCCC(CCCCCC/C=C/C[C@H]([C@H]([C@@](CO)(C(O)=O)N)O)O)=O
Amb28974679,1,C[C@@H](CC1)CN(C[C@@H]([C@@H]2C3)[C@@H]4CC[C@H]2[C@H](C2)[C@H]3[C@@](C)(CC[C@@H](C3)O)[C@H]3C2=O)[C@@H]1[C@@]4(C)O
Amb28974375,1,CC([C@H]1O[C@@H]1c(c(O1)c(cc2)C=CC1=O)c2OC)=C
Amb1865529,1,CCCCCC(C(C(OC)=C1)=O)=CC1=O
Amb538315,1,COc(cc([C@H]1Oc(cc([C@H]([C@H](C2=O)O)Oc3c2c(O)cc(O)c3)cc2)c2O[C@@H]1CO)cc1)c1O
Amb6600286,1,COc1ccc(c(OC)c(CCO2)c2n2)c2c1OC
Amb6600360,1,CNCC(c(cc1)ccc1O)O
Amb19755311,1,CC(C)CC(O[C@@H](C[C@]1(COC(C)=O)[C@@]2(C)[C@@H]([C@H]3O)OC(C)=O)C(C)=C[C@H]1O[C@H]3[C@]21OC1)=O
Amb2222985,1,O=C(c(cccc1)c1N12)C2=Nc(cccc2)c2C1=O
Amb22407014,1,C/C=C(/CN1[C@H](C2)[C@]34CC1)\[C@@H]2C(C=O)=C3Nc1c4cccc1O
Amb22407017,1,C[C@H]([C@@H](CC[C@@](C)([C@H]1[C@@](C)(C=C2)O)C2=O)[C@H]1O1)C1=O
Amb22407022,1,C[C@H]([C@@H](CC1)[C@@](C)(CC2)[C@H]1[C@H](C[C@@H]1O[C@]11[C@@H](C=C3)O)[C@@H]2[C@]1(C)C3=O)[C@H](CC(C)=C1CO)OC1=O
Amb22407026,1,C[C@](C[C@H]1OC(C)=O)([C@@H](CC2)C(C3=O)=C1[C@@](C)([C@@H](COC)O1)c4c3occ4C1=O)C2=O
Amb22407028,1,OC(c(cc(c1ccc2)O)nc1c2O)=O
Amb22407042,1,COc(c(O)c(C=CC(O1)=O)c1c1OC)c1OC
Amb22407052,1,Cc1cc(O)cc(CC(C2)O)c1C2=O
Amb22407054,1,COc1c2occc2cc(CCCOC=O)c1
Amb22407072,1,COc1c(C(COc2c3ccc(O)c2)C3=O)ccc(O)c1
Amb22407075,1,CC(C)(/C=C/c(c(O1)c(cc2)C=CC1=O)c2OC)OC
Amb22407080,1,C[C@@H]([C@H](CCC([C@@H]1CC2)=C)[C@@H]1C=C2C(OC)=O)C(O)=O
Amb20246351,1,COc(cc(c(C(CCc1ccccc1)=O)c1OC)O)c1O
Amb22407081,1,COc1cc(O)cc(OC2)c1CC2c(ccc(O)c1)c1O
Amb22407084,1,Cc(c(OC)c(c(OCC1Cc(ccc(O)c2)c2O)c2C1=O)OC)c2O
Amb22407085,1,CC(C)C(C(O1)=O)=Cc(ccc(C)c2CCC=C(C)C)c2C1=O
Amb20246403,1,COc(cc(cc(c(c1c2OC)c(CC3)cc2OC)N3C=O)c1c1)c1OC
Amb19928530,1,CC(C)(C(Cc1c(cc2OC=C3c(cc4)ccc4O)O)O)Oc1c2C3=O
Amb22407091,1,CC(C)(C(Cc(c(OC(Oc(cc1)ccc1O)=C1)c(c(O)c2)C1=O)c2OC)O)O
Amb22407094,1,CCC(C)(C1)NC(C)(C)CC1=O
Amb22407095,1,C/C(/C(C=C1CC=C)(C(OC)=CC1=O)OC)=C\c(cc1)cc2c1OCO2
Amb18133961,1,COc(ccc(CC(CO)O)c1)c1OC
Amb20622132,1,COc1cccc(Oc2c3cccc2O)c1C3=O
Amb22407105,1,C[C@](CC[C@H](C(C)=C)O)(C=C1)Oc2c1c(O)c(C(/C=C/c(cc1)ccc1O)=O)c(OC)c2
Amb20622144,1,CC1(C)Oc2cc(OC(C=C3)=O)c3c(OC)c2C=C1
Amb22407106,1,COc(cc(C=CC(O1)=O)c1c1OC)c1O
Amb22407107,1,COc(cc1)ccc1C(Oc(cc(cc1OC)OC)c1C1=O)=C1O
Amb22410172,1,CC(C)=CC(c1coc(C)c1)=O
Amb20246434,1,C/C(/C(C=C1CC=C)(C(OC)=CC1=O)OC)=C\c(cc1)cc(OC)c1OC
Amb2778484,1,CC(CO)C(C(c(ccc1c(C)cccc11)c1C1=O)=O)=C1O
Amb22410181,1,Cc(c(O)c(C(C(Cc(cc1)cc2c1OCO2)CO1)=O)c1c1)c1O
Amb22410184,1,Cc(c(O)c(C)c(OCC1Cc(cc2OC)cc(OC)c2O)c2C1=O)c2O
Amb20246633,1,CCOC(C(Cc(cc1)ccc1O)O)=O
Amb5348668,1,CC(C)=CCC/C(/C)=C/C=C/C(/C)=C/[C@H]([C@]1(C(C=C2COC(C)=O)=O)O[C@H]1C2=O)OC(C)=O
Amb22410188,1,CCC(C(OC(C(C)C)=C1)=O)=C1O
Amb22410190,1,Cc(cc1O)cc(OC(C)=C2O)c1C2=O
Amb10549520,1,CC(Oc(cc1C(O)=C(C(OC)=O)O2)c3c(O)c1C2=O)=CC3=O
Amb569721,1,C/C(/C=C(\C)/C(O1)=CC(OC)=C(C)C1=O)=C\c(cc1)ccc1[N+]([O-])=O
Amb22410193,1,COC1=C(c2ccccc2)c(cccc2)c2NC1=O
Amb20246428,1,CC(c(c1c2OCN11)cc(C(CO)=C3)c2N(C)C3=O)=CC1=O
Amb28974349,1,Cc1cc(O)c(C(c(c(OC)cc(O)c2)c2C(OC)=O)=O)c(O)c1
Amb22172776,1,CCCCCCCCCCCCCCCC(C(C(OC1CO)=O)=C1O)=O
Amb6600002,1,CCCCCCCC/C=C/CCCCCCCC(OCC(COP(O)(O)=O)O)=O
Amb22172796,1,C[C@@](C[C@H]1O)([C@H](CC2)[C@@H](CC3)[C@@H]1[C@](C)(CC1)C3=CC1=O)[C@@]2(C(C)=O)O
Amb1158086,1,OC(C(Cc(cc1)ccc1O)=O)=O
Amb5718031,1,C[C@](CC1)([C@@H]([C@H](CC2)[C@@H](CC[C@H]3C(CO)=O)[C@]3(C3)C=O)[C@H]3O)C2=CC1=O
Amb19132195,1,C[C@](CC1)([C@@H](CC2)[C@H](CC3)[C@H]1[C@@](C)(CC1)[C@@H]3CC1=O)C2=O
Amb28974634,1,C[C@](CC1)([C@@H](CC2)[C@H](CC3)[C@H]1[C@@](C)(CC1)[C@@H]3C[C@@H]1O)C2=O
Amb2616921,1,C[C@@](C1)([C@H](CC2)[C@@H](CCC([C@@]3(C)CC4)=CC4=O)[C@H]3C1=O)[C@@]2(C(CO)=O)O
Amb15769969,1,C[C@@](CC1)([C@H](CC2)[C@@H]3[C@@H]1[C@](C)(CC[C@H](C1)O)C1=CC3)[C@@H]2C(C)=O
Amb10549380,1,COc(cc1C(c2cc(CO)cc(O)c22)=O)cc(O)c1C2=O
Amb22329480,1,C/C(/CC(C=C1C)OC1=O)=C\COc1ccc(C=CC(O2)=O)c2c1OC
Amb8399351,1,COc(c(O)c(c(OC(c(cc1)cc(O)c1O)=C1OC)c2)C1=O)c2O
Amb8399352,1,C[C@](CCC1)([C@H](CC[C@H](C2)[C@](CO)(C3)O)[C@]23CC2)[C@H]2[C@@]1(C)C(O)=O
Amb10549678,1,Cc(c(O)cc([C@H]1OCCC2)c3CO[C@]12O)c3O
Amb8398231,1,CC([C@H](C1)Oc2c1c(O[C@@H]([C@H](O)Oc(cc1OC)c3cc1OC)[C@]3(C1=O)O)c1c(O)c2)=C
Amb8398260,1,CC([C@@H](C1)Oc2c1c(O[C@@H]([C@@H]1C3=O)[C@@H](O)Oc(cc4OC)c1cc4OC)c3c(O)c2)=C
Amb19928502,1,COC(C(Cc(cc1)ccc1O)(C(c(cc1)ccc1O)=C1OC)OC1=O)=O
Amb22329506,1,COc(ccc([C@@H]([C@@H]1CO[C@H]2c(cc3)cc(OC)c3OC)OC[C@@]12O)c1)c1OC
Amb8398650,1,Cc1cc(Oc(c(C(OC)=O)cc(OC)c2)c2O)c(C(OC)=O)c(O)c1
Amb8398659,1,C/C=C/C([C@@H]([C@@H]1O[C@]11[C@@H](C=C(C)C)O)O)=C(CO)C1=O
Amb19928541,1,C[C@H](C[C@H]([C@H](CC1)O)C2=C1O)OC2=O
Amb8397889,1,OCCC(c(cc1)ccc1O)=O
Amb22172885,1,CC(C)[C@H]([C@H](C[C@]1(C)O[C@@H]1CC[C@]1(C)O[C@H]11)OC(/C=C/c2ccccc2)=O)[C@@H]1O
Amb8397743,1,CC(C)([C@H](CC1)[C@](C)(CC2)[C@@H](CCC([C@@H](CO)O)=C)[C@@]1(C)O)[C@H]2O
Amb8397749,1,O=C(/C=C/CCc(cc1)cc2c1OCO2)N1CCCCC1
Amb8397757,1,CC(C)=CCc(c(O1)c(cc2)C=CC1=O)c2O
Amb8397758,1,CC/C=C\C[C@@H]([C@@H](/C=C/[C@@H](CCCCCCCC(O)=O)O)O)O
Amb8397829,1,Cc1c(C)c(O)c(Cc(c(O)c(C=O)c(C)c2)c2O)c(O)c1
Amb19928429,1,CC(C)=CCc(c(O)c(c(OC=C1c(cc2)cc(CC(C(C)=C)O)c2O)c2)C1=O)c2O
Amb19928430,1,COc1cc(O)cc(OC=C2c(cc3)ccc3O)c1C2=O
Amb8399199,1,CC(CCCC(Cc1cccc(O)c11)OC1=O)=O
Amb8397762,1,C[C@](CC/C=C(/C)\CCC=C(C)C)([C@H](CC(O)=O)O)O
Amb10549904,1,O[C@H](CCc(cc1)ccc1O)C[C@H](CCc(cc1)ccc1O)O
Amb22172897,1,CCC/C=C(/C(CC[C@H]1O)=C2[C@H]1O)\OC2=O
Amb8399232,1,C/C(/CO)=C(/CC1)\[C@@H](CC2)[C@@]1(C1)CO[C@@H]1[C@@]2(C(O)=O)O
Amb19742217,1,C[C@H]([C@@H](c(cc1)cc(OC)c1O)O)Oc(c(OC)cc(CC=C)c1)c1OC
Amb19742218,1,C[C@H]([C@@H](c(cc1OC)cc(OC)c1OC)O)Oc(c(OC)cc(CC=C)c1)c1OC
Amb19928439,1,Cc1cc(Oc2cc(O)c(C(O)=O)c(C)c2)cc(O)c1
Amb8397799,1,COc1cc(O)c(C(C2)COc3c2ccc(O)c3)cc1
Amb10549384,1,CC(C)CC(c(c(OC)c1C(OC2)=O)ccc1Oc1c2cc(C)cc1O)OC(C)=O
Amb19742228,1,COc(cc(c(OC)c1)OC)c1C1=COc(cc(cc2O)O)c2C1=O
Amb8397840,1,COC(CCc(cc1)ccc1O)CC(CCc(cc1)ccc1O)=O
Amb8397841,1,CC1(C(O)=C(C)C(O)=C(C(/C=C/C=C/C)=O)C1=O)O
Amb8397844,1,Cc1c(C)c(O)c(C)c(O)c1
Amb19742231,1,COc(cc1O)cc(OC(c(cc2O)cc(OC)c2OC)=C2OC)c1C2=O
Amb4270048,1,COC(c1cccc(Oc2c3c(O)cc(CO)c2)c1C3=O)=O
Amb10549390,1,C[C@H](C[C@@H]([C@@H]1[C@]2(C)CCCC1(C)C)OC(C)=O)[C@@]2(CC1)O[C@@]1(C1)[C@@H](O)OC1=O
Amb8397877,1,C[C@H]([C@H]([C@@H]1OC(C)=O)OC(C)=O)[C@](C)(CC[C@@](C)(C=C)O)C2=C1C(C)(C)CCC2
Amb8399517,1,C[C@@](C[C@@H]1O)([C@H](C2)[C@@](C)(CCC(OC3(C)C)=O)[C@]13O)Oc(c(C)c1CO3)c2c(OC)c1C3=O
Amb15769954,1,C[C@@]1(CO)O[C@](CC2)(OC)O[C@@]1([C@@H](C1)O)[C@]2(C)[C@H](C2)[C@@]1(C)Oc(c(C)c1CO3)c2c(OC)c1C3=O
Amb8399548,1,C[C@@H](C[C@@H](CC1)O[C@@H]1[C@H](C)C(O)=O)O
Amb8401175,1,CC[C@@H]([C@@H](/C=C\C/C=C\CCCCCCCCC(O)=O)O)O
Amb8397970,1,CC(NCCc(cc1)ccc1O)=O
Amb8397950,1,CC(C)CCCCCCCCCCC(OCC(CO)O)=O
Amb8397976,1,C[C@](CCC1)([C@H](C[C@@]2([C@@H]([C@H](C3=C)O)O)O[C@@H]2[C@H]3O)C(C)=CC2)[C@H]2[C@@]1(C)C(O)=O
Amb8397978,1,C[C@@H]([C@@H](c1cc(OC)cc(O)c11)O)OC1=O
Amb8399731,1,C[C@@H](C[C@@H](CC1)O[C@@H]1[C@H](C)C(O[C@@H](C)C[C@@H](CC1)O[C@@H]1[C@H](C)C(O)=O)=O)O
Amb8397987,1,C[C@H](CC([C@@H]1O[C@@H]1[C@]1([C@@H](c2c3cccc2O)O)O)=C2[C@H]1C3=O)CC2=O
Amb8399786,1,COc(cc(CCC(CC(CCc(cc1)ccc1O)=O)O)cc1)c1O
Amb8397999,1,C[C@H]([C@@H](/C(/C)=C/C)O)/C=C(\C)/[C@H]([C@@H](C)/C=C(\C)/[C@H]([C@@](C)(C(O)=O)O)O)O
Amb15769958,1,Oc1ccc(CCNC(/C=C/c(cc2)cc(O)c2O)=O)cc1
Amb8399765,1,CC(C)CC(c(c(OC)c1C(O)=O)ccc1Oc(c(/C=C/C(C)=O)cc(C)c1)c1O)O
Amb8399767,1,CC(C)=CCc(c(O)c1C(O)=O)ccc1Oc(c(CO)cc(C)c1)c1O
Amb8399799,1,CC(C)c1cc(O)c(C)c(-c(c(C)c(cc2C(C)C)O)c2O)c1O
Amb8399800,1,CC(C)=CCc(c(O)c(C(CC(c(cc1)cc(OC)c1O)O1)=O)c1c1)c1O
Amb8398016,1,Oc(ccc(CCCCC(CCc(cc1)cc(O)c1O)=O)c1)c1O
Amb8399813,1,COC(CCc(cc1)cc(O)c1O)CC(CCc(cc1)cc(O)c1O)=O
Amb10549507,1,CC(C)([C@H](C[C@]1(CCC2)N2C2=O)[C@]2(C2)NC1=O)[C@@]2(c(ccc1c2C=CC(C)(C)O1)c2N1O)C1=O
Amb15770265,1,O=C1OCC(c2ccccc2)=C1Cc1ccccc1
Amb10549635,1,C[C@@H](CC1)[C@@](C)(CC[C@]([C@H]2O)([C@H](OC)O[C@@H]2OC)O)[C@H](C[C@@H]([C@H]2O)O)[C@@]1(C)[C@@]21OC1
Amb8398057,1,C[C@@H](CC1)[C@@](C)(CCC2=C[C@H](O)OC2=O)[C@H](C[C@@H]([C@H]2O)O)[C@@]1(C)[C@]21OC1
Amb19886319,1,CC(C)[C@H](C(N(CCC1)[C@@H]1C(Nc(c(O)ccc1)c1C(O)=O)=O)=O)NC(c(cc1)ccc1O)=O
Amb8400061,1,CC(C)(C=C1)Oc(cc2)c1c(OC=C1c(cc(c(OC)c3)OC)c3OC)c2C1=O
Amb8398084,1,C[C@@H]([C@@H](c(c(OC)c1)cc(OC)c1OC)O)O
Amb8398087,1,CN(c(c1c2O)cc(OC)c2OC)c(c(O)ccc2)c2C1=O
Amb8400138,1,CC(C)([C@H](C1)[C@](C)(CC2)c(cc(c(O)c3)OC)c3C1=O)C2=O
Amb8400159,1,COc1cc(O)c(Cc(cccc2)c2O)c(O)c1C(CCc1ccccc1)=O
Amb8398126,1,C/C(/C(c(cc1)cc(OC)c1O)=O)=C(\C)/C(c(cc1)cc(OC)c1O)=O
Amb10549410,1,CC(C(c(ccc(O)c1)c1O)=O)c1cc(OC)cc(OC)c1
Amb19886321,1,Oc1cc(OC[C@H]2c(cc3OCOc3c3)c3O[C@H]22)c2cc1
Amb19928488,1,C[C@H](CC1)[C@H](CC/C(/C)=C\C(O)=O)[C@@](C)(CC[C@@H]2O)[C@@H]1[C@]2(C)C=O
Amb8398165,1,C[C@H]([C@@H](c(cc1)cc(OC)c1O)O[C@H]1c(cc2)cc(OC)c2O)[C@]1(C)O
Amb19928427,1,CC(N[C@@H]([C@@H]1O)[C@@H](O[C@@H](C(c2ccccc2)=C2Cc3ccccc3)OC2=O)O[C@@H](COC)[C@@H]1O)=O
Amb19928498,1,CC(C)([C@@H]([C@@H](C1)O)[C@@](C)(CCC(O)=O)[C@H](C2)[C@@]1(C)Oc(c(C)c1CO3)c2c(OC)c1C3=O)O
Amb8398181,1,CC(CCCC(O)=O)/C=C(\C)/C(O1)=CC(OC)=C(C)C1=O
Amb19928500,1,CC(Cc(c1c2C(c3c4c(OC)ccc3)=O)ccc2C4=O)(CC1=O)O
Amb8398186,1,COc(c(O)c(c(OC(c1ccccc1)=C1OC)c2)C1=O)c2O
Amb8398190,1,CC(C)(C=C1)Oc(c(CC=C(C)C)c2O)c1c(OC=C1c(cc3)cc(O)c3O)c2C1=O
Amb8398230,1,CC(OC[C@H](/C=C\CCCCCCCC#CC#C[C@H](C=C)O)O)=O
Amb19747068,1,O[C@@H]([C@@H](C=C[C@H]1OC(c2ccccc2)=O)OC(c2ccccc2)=O)[C@]1(COC(c1ccccc1)=O)O
Amb8398305,1,CC(C)(C(C1)Oc2c1c(OC)cc(CCc1ccccc1)c2C(O)=O)O
Amb8398322,1,CC(C)CC(O[C@@H]([C@H](C(C)(C)OC(C)=O)Oc1c2)c1cc(C=C1)c2OC1=O)=O
Amb19928511,1,CC(C)(C(COc1ccc(CCc2cc(OC)c3OCOc3c2)cc1)O)O
Amb19928508,1,C[C@](CCC1)([C@@H](C[C@@H](C2)C(C(O)=O)=C)[C@@]1(C)O)[C@H]2O
Amb8398336,1,CC[C@@H](C)CC(O[C@@H](C[C@H](C1)C(C(O)=O)=C)[C@@](C)(CCC2)[C@@H]1C2=C)=O
Amb10549526,1,CC[C@@H](C)CC(O[C@@H]([C@H](C(C)C)[C@H](C=C1CO)O)C1=O)=O
Amb19886337,1,COc(cc(CO)cc1C(c2cc(O)cc(O)c22)=O)c1C2=O
Amb8400438,1,C[C@@H](CC1)[C@@](C)(CC/C(/C(O)=O)=C\C(O)=O)[C@H]2[C@@]1(C)C(C)=CCC2
Amb19928513,1,C[C@](CCC1)([C@H]2[C@@](C3)(CC4)[C@H]5O[C@@]5(CO)[C@H]3CC2)[C@H]4[C@@]1(C)C(O)=O
Amb8398398,1,CCCCC(C(O)=C1C)=C(CC=C(C)C)NC1=O
Amb8398449,1,CC(C)(C=C1)Oc(c(OC)c2)c1c(OC=C1c(cc3)cc(OC)c3OC)c2C1=O
Amb19928521,1,CC(C)(C(COc1c(C)c(OC)c(CO)c(CO)c1)O)O
Amb15770278,1,CCCCCCCC/C(/C(O)=O)=C/CC(O)=O
Amb8400644,1,COc(cc(/C=C/C(O)=O)cc1[C@@H]2CO)c1O[C@@H]2c(cc1)cc(OC)c1O
Amb8398834,1,COc(cc(/C=C/C(OC(CC(O)=O)C(O)=O)=O)cc1)c1O
Amb8398488,1,COc1cc(C[C@@H](CO)[C@H](CO)[C@H]2c(cc3)cc(OC)c3O)c2cc1O
Amb8398489,1,CC(C)(C1(O)OOC(C)(C)C=C1C(C1(C)C)=O)C1=O
Amb8398497,1,C[C@H](CC[C@]([C@@H]1C2)(C(C)=CC2=O)O)[C@@]1(C[C@@H](c1cocc1)O1)C1=O
Amb8398498,1,CC(C)CCCC(C)(c(ccc(C(O)=O)c1)c1O)O
Amb19928274,1,CC(C)CCCCCC1OCC(CO2)=C1C2=O
Amb19886351,1,CC(C)CCCCCCC1OCC(CO2)=C1C2=O
Amb4003889,1,COc(cc1)cc(O)c1C(C(Cc(cc1)ccc1O)O1)=CC1=O
Amb8398546,1,COc1cc([C@H]([C@H]([C@H](CO2)C3)C2=O)c2c3c(O)c3OCOc3c2)cc(OC)c1O
Amb22329573,1,CC(C)(CCC1)[C@@H]([C@@H](C=C2C=O)OC(/C=C/C=C/C=C/C)=O)[C@]1(C)[C@@]2(C(O)=O)O
Amb19747072,1,COc(c1c(cc2OC=C3c(cc4)ccc4O)OCO1)c2C3=O
Amb8398578,1,CC(Cc(cc1O)c2cc1O)CC2=O
Amb8398568,1,CC(C)([C@H](CC[C@@]1(C)CCC2)C[C@H]1[C@@]2(C)O)O
Amb8398573,1,COc(cc(-c1ncccc1)nc1/C=N/O)c1SC
Amb19928533,1,C[C@@H](CC(CC[C@@]1([C@H](c(c(O)ccc2)c2C2=O)O)O)=C3[C@]12O)CC3=O
Amb8398585,1,C[C@](CC1=O)([C@@H](CC2)OC2=O)Oc2c1c(O)cc(CO)c2
Amb19928535,1,C/C(/CO)=C/COc(c(occ1)c1cc1C=C2)c1OC2=O
Amb8398588,1,COc1cccc(OC)c1C(Oc(c1c2OC)ccc2OC)=CC1=O
Amb8398590,1,C[C@@H]([C@H](CC[C@]1(C)[C@@H]2C(C)=CC[C@H]1O)[C@@H]2O1)C1=O
Amb8398598,1,C[C@H]([C@@H](c(c(O)c1OC)c2cc1O)OC2=O)O
Amb17671482,1,C[C@@H](CC(C=C1OC)=O)[C@@]1(C1=O)Oc2c1c(O)cc(OC)c2
Amb8401692,1,C[C@](COC(/C=C/c1ccccc1)=O)([C@H]1CC=C(C)CC1)O
Amb540000,1,CC(C)=CCC(c1cc(C)cc(O)c11)(c2cc(OC)cc(O)c2C1=O)O
Amb19746809,1,CCCC(c(c(O)c(CC(C(C(C(C)=O)=C(C1(C)C)O)=O)=C1O)c(O)c1C)c1O)=O
Amb19928260,1,CC(C)(C=C1)Oc2c1cc(C=CC(O1)=O)c1c2OC
Amb8398668,1,CCCCc(cc1)cnc1C(O)=O
Amb8398670,1,COc1cc(OC(C=C2)=O)c2c(OC)c1OC
Amb17937569,1,COc(c(OC)c1OC)cc(C2)c1OCC2C(C(C(OC)=C(C1=O)OC)=O)=C1OC
Amb10549436,1,Oc1ccc(C[C@@H](C(N2[C@H]3CCC2)=O)NC3=O)cc1
Amb19928546,1,C[C@@H]([C@@H](/C=C/[C@H]([C@H](CC1)OC(/C(/C)=C/C)=O)OC1=O)O)O
Amb19886454,1,CC(C)([C@H](CC/C(/C)=C/CC[C@@](C)(C=C)O)O)O
Amb8401106,1,CC(OCc(c1c(C=O)c2c(C)cccc22)coc1c2OC)=O
Amb22173747,1,COc(cc(/C=C/C(/C=C(/C=C/c(cc1)cc(OC)c1O)\O)=O)cc1)c1O
Amb19747020,1,CC(O1)=CC(O)=C(CC(C(OC(C)=C2)=O)=C2O)C1=O
Amb19928554,1,CC(OCC#Cc1ccc(-c2ccccc2)s1)=O
Amb6541335,1,COc(ccc(C(Oc(c(C1=O)c2O)cc(O)c2OC)=C1OC)c1)c1O
Amb19928268,1,C[C@]1([C@H](CO)[C@@H]2CC3)[C@@H]3[C@@H]2C(C)(C)CCC1
Amb10549438,1,COc(ccc(/C=C1\Oc2cc(O)cc(O)c2C1=O)c1)c1O
Amb19928556,1,CC(C)=CCc1cc(C2=COc(cc(cc3O)O)c3C2=O)cc(O)c1OC
Amb8401204,1,CC(C)C[C@@H](C(N[C@H]1C)=O)NC1=O
Amb19928557,1,C[C@](CCC1)(O[C@@H]1c1c(c(C(c2c3OC)=O)c4Oc2ccc3O)O)Oc1c4OC
Amb8398703,1,CC(Oc1c2c(O)c(CSCC(C(O)=O)O)c(OC)c1)=CC2=O
Amb15770021,1,COc1cc(OC)c(C(/C=C/c(cc2)cc(OC)c2OC)=O)c(O)c1
Amb15770022,1,C[C@H](CCCCC[C@@H]([C@H](CO)C(O)=O)O)C/C(/C)=C/C(/C)=C/C(O)=O
Amb8398723,1,CC(C)(C=C)c(c(O)c1)cc(/C=C/C(c(cc2)ccc2OC)=O)c1O
Amb19928560,1,CC[C@@H]1[C@@H](CC2=NCCc(cc3O)c2cc3OC)C[C@@H](c(c(CC2)c3)cc(OC)c3OC)N2C1
Amb19928562,1,CC[C@@H]1[C@@H](CC(c2c3)=NCCc2cc(OC)c3OC)C[C@@H](c(cc2OC)c(CC3)cc2OC)N3C1
Amb15769967,1,C[C@](CC1)(CC[C@H](CO)C(CO)=C2)C2=C(C)C1=O
Amb8398726,1,CC(Cc(c1c2O)cc(O)c2OC)OC1=O
Amb8398727,1,CC(C)=CCC/C(/C)=C/Cc(c(O)c1C(c(c(O)cc(C(O)=O)c2)c2C(O)=O)=O)ccc1O
Amb8398733,1,CC(Cc(cc1C(c2cc(O)cc(O)c22)=O)cc(O)c1C2=O)O
Amb19928569,1,C[C@](CC/C=C(\C)/C(O)=O)([C@H]1C[C@@H]2CC1)[C@@]2(C)O
Amb8398759,1,C/C(/CC/C=C(\C)/C(O)=O)=C\CC[C@]([C@H]1O)([C@H](OC)O[C@@H]1OC)O
Amb19928570,1,CC(CC/C=C(\C)/C(O)=O)(c1ccc(C)cc1)O
Amb8401338,1,CC(C)(C=C1)Oc(cc2)c1c(O)c2C(/C=C/c1ccccc1)=O
Amb19928571,1,Cc1c(C)c(O)c(C)c(OC)c1C(Oc1c(C)c(OC)c(C(O)=O)c(C)c1C)=O
Amb8398771,1,CC(C)CC(OCC(C(C1)Oc(cc2)c1cc2C(C)=O)=C)=O
Amb8398773,1,CC(C)(C=C1)Oc(c(CC=C(C)C)c2O)c1c(OC=C1c(ccc(O)c3)c3O)c2C1=O
Amb8398779,1,COc(c(CCCCC(CCc(cc1)cc-2c1O)O)cc2c1O)c1OC
Amb19928577,1,C[C@H](CCCCC([C@H](C)NC(C)=O)=O)C(O)=O
Amb8401437,1,CC(C)(CCCCCCCCCNC(C)=O)O
Amb8398810,1,COc1cc(O)c(Cc(cccc2O)c2O)c(O)c1C(/C=C/c1ccccc1)=O
Amb8398828,1,CC(C)(C=C)c(c(O)c1O)cc(/C=C/C(c(cc2)ccc2O)=O)c1OC
Amb8398816,1,C[C@H]([C@@H]1C)[C@H](c(cc2)cc3c2OCO3)O[C@@H]1c(cc1)cc(OC)c1OC
Amb8398824,1,CC[C@@H](C)[C@@H](C(O)=O)N(Cc(c1c(C(O)=O)c(OC)c2C)c2OCC=C(C)C)C1=O
Amb8398825,1,C[C@H]1O[C@@H](CC/C=C\C/C=C\[C@H](C[C@H](CC(O)=O)O)O)CCC1
Amb10549455,1,CC(/C=C/C=C/CCCCCC(O)=O)=O
Amb10549981,1,CC(O[C@@H]([C@@H](CC[C@H]1c2ccccc2)c2ccccc2)[C@H]1OC(C)=O)=O
Amb8401507,1,CCC/C=C/C=C/[C@@H](C[C@H]1O)[C@@H](COC2=O)[C@@]12O
Amb8401520,1,N#CC(c1ccccc1)OC(c1ccccc1)=O
Amb2694283,1,Oc1ccc(CC/C=C/C(CCc(cc2)cc(O)c2O)=O)cc1
Amb8401775,1,CC(C)=CCc(cc(C(C1)Oc(cc(cc2)O)c2C1=O)cc1)c1O
Amb8401796,1,C[C@](C[C@@H]([C@H]([C@@H]1O)C(C(OC)=O)=C)O)([C@@H](CC2)O)[C@@H]1C2=O
Amb8401797,1,CC(C)([C@H](C1)[C@](C)(CC2)c(cc(c(OC)c3)O)c3C1=O)[C@H]2O
Amb10549562,1,CCCCCCC[C@@H](/C=C\[C@H](CC[C@H](CCCC(O)=O)O)O)O
Amb19928610,1,CC(C)(C1Oc2cc(OC(C=C3)=O)c3cc2C1)OC(/C(/C)=C\C)=O
Amb10549461,1,C/C(/CC/C=C(\C)/[C@H](CC=C1C)OC1=O)=C\[C@@H]([C@@H](C=C1C)O)C1=O
Amb19928609,1,C[C@@H](C(/C=C/C=C/C(O[C@H]([C@@H]1[C@]2(C)CCCC1(C)C)C=C(COC1=O)[C@]12O)=O)=O)O
Amb8401898,1,CC(C)([C@@H](CC1)[C@@](C)(CC2)[C@H](C3)[C@@]1(C)OC(OC(C(O)=O)=C1)=C3C1=O)[C@@H]2O
Amb10550011,1,C[C@]([C@H](CC1=C2COC(/C=C/C)=C1)OC(c(c(C)cc(OC)c1)c1O)=O)(C2=O)O
Amb15770481,1,CN(CC1)C(Cc2ccc3OCOc3c22)(C2=O)c(cc2O)c1cc2OC
Amb19746715,1,C[C@@](CCC1)([C@H]2[C@@]1(C)C1=CC[C@H](C3)[C@H](CO)C[C@@]13CC2)C(O)=O
Amb19746716,1,COc1c2OCOc2cc([C@H]2OC[C@@H]3[C@@H](c(cc4)cc(OC)c4OC)OC[C@H]23)c1
Amb10549439,1,CC/C=C\C[C@H]([C@@H](CC(O)=O)CC1)[C@@H]1O[C@H]([C@H]([C@@H]1O)O)O[C@@H](CO)[C@@H]1O
Amb22829181,1,C[C@H]([C@H]([C@@H](C[C@]1(OC)O2)[C@](C)(CC3)[C@H]([C@@H]4OC(C)=O)C(C)(C)[C@@H]3OC(C)=O)[C@@H]4O)C1=CC2=O
Amb10549722,1,C[C@H](Cc1c2)[C@H](C)[C@@H](c(cc3)cc(O)c3O)c1cc(O)c2O
Amb19928284,1,C[C@H](Cc1c2)[C@H](C)[C@@H](c(cc3)ccc3O)c1cc(O)c2OC
Amb19746720,1,CCC(C(C=C1N2Cc3cc4cc(O)ccc4nc13)=C(CO1)C2=O)(C1=O)O
Amb10549881,1,C[C@@](C1)([C@@H](C[C@@](C)(CO)C2)[C@@H]2[C@@H]2O)[C@]1(CO)C2=O
Amb10549568,1,CC(C)(C[C@@H]12)CC1=C(C)CC(C(O[C@H]1O)=O)=C1[C@H]2O
Amb10549809,1,CC(C)=CC[C@]([C@H](CC1)O)(c2c1c(OC)c(cco1)c1n2)OC
Amb10549479,1,CCCCCC(/C=C/C(O)=O)O
Amb10549826,1,CCC(C)SS/C=C/COC(CC(C)(C)OC(C)=O)=O
Amb10550128,1,CC(C)CC(O[C@@H]([C@@H](c(c(OC)c1)cc(C=C2)c1OC2=O)O)C(C)(C)O)=O
Amb10549592,1,C[C@H](C[C@H](C)[C@H]1[C@@H]2C(C(C(N[C@H]3C[C@@](C)(C(O)=O)O)=O)=C3O)=O)C[C@H]1C=C[C@@H]2/C(/C)=C/C
Amb19928311,1,C/C=C/C#CC#C/C=C/C=C/C(CCOC(C)=O)OC(C)=O
Amb22329547,1,CC(C)(CCC1)[C@H](CC([C@H]2C(O)=O)=O)[C@@]1(C)[C@H]2O
Amb10549489,1,C[C@@H](Cc(cc1OCOc1c1OC)c1-c1c2O)[C@@H](C)Cc1cc(OC)c2OC
Amb10549624,1,CCCCC(c1c2cccc1)OC2=O
Amb10549626,1,OC(Cc1ccccc1)C(O)=O
Amb15770152,1,CC(CCC/C(/C)=C/Cc(c(O)c(c(CO1)c2C)C1=O)c2OC)C(O)=O
Amb15770349,1,CC(C)([C@H]([C@@H]1O)O)Oc(cc2)c1c(O1)c2C=CC1=O
Amb15770037,1,CC(C)([C@H](C[C@@H]([C@](C)([C@@H]1C2)C(CC[C@@H]3C4=C[C@H](O)OC4=O)=C3C2=O)OC(C)=O)[C@]1(C)C=C1)C1=O
Amb19746757,1,CC(Cc(cc1OC)cc(OC)c1OC)Oc(ccc(/C=C/C=O)c1)c1OC
Amb15770169,1,CC(Cc(cc1OC)cc(OC)c1OC)Oc(ccc(CC=C)c1)c1OC
Amb15770378,1,C/C=C/c(cc1)cc(C(C)=O)c1Oc(ccc(C(O)=O)c1)c1OC
Amb15770177,1,CN(CCC1(CC2)c(cc3)cc(OC)c3OC)C1=CC2=O
Amb19928316,1,CC(OC(c1c2O)=O)=Cc1cc(O)c2OC
Amb15770394,1,CC(C)(C=C1)Oc(cc2OC=C3c(ccc(O)c4)c4O)c1c(O)c2C3=O
Amb19746761,1,CC(C)([C@@H]12)[C@@H]2Oc2c1c(O[C@@H](CC1=O)c3ccccc3)c1c(OC)c2
Amb19886283,1,COc(ccc([C@H]1OC[C@@H]2[C@@H](c(cc3)cc(O)c3OC)OC[C@H]12)c1)c1O
Amb19747029,1,CC1(C)Oc2c(CC=C(C)C)c(O[C@H]([C@]3(C4=O)O)Oc5c3ccc(O)c5)c4c(O)c2C=C1
Amb15770420,1,CC(C(C(O1)=C(CO)C(OC)=CC1=O)=C)O
Amb19928325,1,CC(C)(C=C)c(c1c2occ1)c(C=CC(O1)=O)c1c2OC
Amb15770472,1,CC(C)C[C@H](C(O)=O)NC([C@H](C(C)C)O)=O
Amb22329558,1,C[C@](CCC1)([C@H](CC[C@H](C2)C(C3)=O)[C@]23CC2)[C@H]2[C@@]1(C)C(O)=O
Amb15770098,1,C[C@@](CC(C1)=O)([C@@H]1[C@H](CC[C@@H](C[C@H]1O)[C@]2(C)C[C@H]1O)C2=C1)C1=O
Amb15770100,1,CC([C@@H](C1)Oc(cc2)c1cc2C(O[C@H]([C@H]([C@@H]1O)O)O[C@@H](CO)[C@@H]1O)=O)=C
Amb19747038,1,CCCCCCCCCC[C@H]([C@]([C@H](C(OC)=O)O1)(C(O)=O)O)C1=O
Amb19746794,1,C[C@@](CCC1)([C@H](CC[C@H]2C[C@@]3(C)C=C)[C@@]1(C)C2=CC3=O)C(O)=O
Amb19746796,1,CC[C@@](CCC1)(C[C@@]2(C(OC)=O)O)[C@@H]3N1CCc1c3n2c2c1cccc2
Amb19746800,1,COc(c(O)c(cc1)C(CC(c2ccccc2)O)=O)c1O
Amb19746801,1,CC(C)c1cc(O)c([C@@](C)([C@@H](C[C@@H]2O)O)[C@@H]([C@H]([C@@H]3O)OC(C)=O)[C@]2(C)C(OC)=O)c3c1
Amb19928361,1,C[C@](CCC1)([C@H](CC[C@H](C2)[C@H](CO)C3)[C@@]23CC2)[C@H]2[C@@]1(C)C=O
Amb4008206,1,C/C=C/C#CC#C/C=C/[C@H]([C@H](C=C)OC(C)=O)OC(C)=O
Amb19746869,1,C[C@]([C@H](C[C@H]1[C@@]2(C)[C@H]([C@@H]3OC(C)=O)C(C)(C)CCC2)O[C@@]1(C)[C@@H]3O)(C=C)O
Amb19746877,1,C[C@@H](CC1)[C@@](C)(CC(O)=O)[C@H]2[C@@]1(C=O)C(CO)=CCC2
Amb536991,1,O[C@H](CCc(cc1)ccc1O)C[C@H](CCc(cc1)cc(O)c1O)O
Amb19746884,1,C[C@@](CC1)([C@@H](CC([C@H](C2)O3)=C(C)C3=O)[C@H]1[C@@]2(C)O)O
Amb19746897,1,C[C@](CC1)([C@H](CC(C(C=C2C)=O)=C(C)C)[C@]12O)O
Amb19747045,1,CC[C@@](C)(C(C[C@H]([C@@H](C)[C@H](C)O1)C1=O)=O)C(OC)=O
Amb19747046,1,COC(/C=C/c(cc1)cc(OC)c1O[C@H](CO)[C@@H](c(cc1)cc(OC)c1O)O)=O
Amb19746914,1,CC(C)([C@]12C([C@@H]([C@](C)([C@@H]3CC[C@]4(C)[C@@H](c5cocc5)O5)[C@@]44O[C@H]4C5=O)O)=O)OC[C@@]23C=CC1=O
Amb19747041,1,C[C@@](C[C@@H]1O)(C[C@]1(CC[C@@H]1[C@]2(C)CCC[C@@]1(C)C(O)=O)C2=O)C=C
Amb19886342,1,C[C@@]1(C[C@H]([C@H]([C@H]2COC)[C@@H](CC3=C)OC2=O)OC(/C(/C)=C\C)=O)OC3=CC1=O
Amb19746867,1,C[C@H]([C@@H](CC[C@@H]1C(C)(C)CC2)[C@@H](C[C@]3(O)O4)[C@]1(C)[C@@H]2O)C3=CC4=O
Amb19928410,1,C[C@H](CC1)[C@]2(C[C@@H]3C(C)(C)[C@](C4)(c(ccc(OC(C)(C)C5)c6C5=O)c6N5)C5=O)N1C[C@]34N(C)C2=O
Amb19928342,1,C[C@H](CC[C@@H]1C(C)=C)[C@]1(C[C@@H]([C@@]1(C)O[C@@H]11)O)[C@H]1OC(CCC(O)=O)=O
Amb19747005,1,C[C@](C[C@H]1O)([C@@H](C2)[C@](C)(CC3)[C@H]1C(C)(C)OC3=O)Oc(c(C)c1CO3)c2c(OC)c1C3=O
Amb19747012,1,NC(Cc(cc1)cc(O)c1O)=O
Amb22501212,1,C[C@](CC/C=C(\C)/[C@@H](CC=C1C)OC1=O)(C=C)O
Amb22329595,1,C[C@@H](CC[C@@H]([C@](C)(CC1)[C@H](CC2)C(C)(C)[C@@H]1O)C2=C)CCO
Amb22545196,1,C[C@H]([C@@]1([C@H](C2)[C@@H]([C@@H](C3)O)C(C)(C)C1)[C@H]3C(O)=O)C2=O
Amb22545198,1,CCCCC[C@@H]([C@@H](C(O)=O)O)O
Amb22545200,1,CC(C)C[C@H](C(N([C@@H]1C[C@]23O)[C@@H]3N(C(C)=O)c3c2cccc3)=O)NC1=O
Amb22545204,1,C[C@H](CC[C@@H](C1)C(C(O)=O)=C)[C@H](CC2)[C@@]1(C)OC2=O
Amb22545209,1,COc1cc(O)c(CCC(O)=O)cc1
Amb22491107,1,Cc(cc1O)cc(Oc(c2c3C(OC)=O)ccc3O)c1C2=O
Amb22545215,1,C/C=C/C(OC=C1C(c(c2cc(OC)c3)c3OC)OC2=O)=CC1=O
Amb22545216,1,CC/C=C/C=C/[C@@]1(C)OC(OC)=C(C([C@@H]([C@H](C)C(c(cc2OC)c3c(O)c2O)=O)[C@]3(C)O)=O)C1=O
Amb8398353,1,COc(cc([C@H]([C@H](CO)O)O)cc1[C@@H]2CO)c1O[C@@H]2c(cc1)cc(OC)c1O
Amb22545226,1,COc1ccc(C(CNC(/C=C/c2ccccc2)=O)O)cc1
Amb22545227,1,CC(C)[C@@](C)(C(OCC1=CCN(CC2)[C@H]1[C@H]2O)=O)O
Amb16192874,1,C/C=C/C=C/C(O1)=CC(O)=C(C)C1=O
Amb22545234,1,C[C@]([C@@]([C@]1(C)CC[C@H]2C(C)(C)[C@@H](CC3)O4)(C(OC)=O)C([C@@]5(C)O)=O)(C5=O)C(C)=C[C@@H]1[C@@]23C4=O
Amb22545239,1,C[C@H]([C@H]([C@@H]1O)O)OC(C=C(/C=C/C)O2)=C1C2=O
Amb22545240,1,CCCC(O1)=CC(O[C@H](C)[C@H]([C@@H]2O)O)=C2C1=O
Amb22545242,1,CCCCC/C=C\CCCCC[C@H]([C@H](CC(O)=O)O)C(O)=O
Amb22545245,1,C[C@H](C[C@@H]1OC)[C@](C)(CCC(C=C)=C)[C@H](C2)[C@]1([C@H](OC(C)=O)O[C@H]1OC)C1=C[C@H]2OC(C)=O
Amb22545247,1,CC(C)CCCCCC(NCc(cc1)cc(OC)c1O)=O
Amb22545248,1,Cc1cc(Oc(c(C)c(COC2=O)c2c2O)c2O)c(COC)c(O)c1
Amb19928520,1,CC(C)(CCC1)[C@@H]([C@@H](C=C2CO)O)[C@]1(C)[C@@]2(C(O)=O)O
Amb22545269,1,CC(C)[C@@H](C(N[C@H]1Cc2ccccc2)=O)NC1=O
Amb8401427,1,C/C=C/C(/C(O)=O)=C/C=C/C[C@@H]([C@@H](C=C)O)O
Amb22545275,1,CC(C)(C=C)c(c(O1)c2C=CC1=O)c1OC(C)(C)C=Cc1c2O
Amb22545280,1,C[C@@]([C@@H](C[C@]([C@]1(C)C2=O)(C(N[C@H]3[C@@H](C4)O)=O)O[C@H]3C=C4C(OC)=O)/C2=C(\CC/C=C/C)/O)(C1=O)O
Amb22545311,1,OC/C=C/C#CC#C/C=C/c1ccco1
Amb22545337,1,CC(C)([C@H]([C@H](C=C1COC2=O)O)[C@](C)(CC3)[C@@]12O)C3=O
Amb22545354,1,CC([C@@H](C1)Oc(cc2)c1c(O[C@H](CO[C@@](C=C1OC)(C3=CC1=O)OC)[C@@]31O)c2C1=O)=C
Amb22545356,1,C[C@H](CCCCCC(CCC(OC)=O)=O)[C@H](C)O
Amb22583874,1,C[C@](CO)(CCC1)[C@@H]2[C@]1(C)[C@H](CO)C(C)=CC2
Amb22174064,1,C/C=C/c(cc1)ccc1OC
Amb6200999,1,O=C(C=C1)Oc2c1c(occ1)c1cc2
Amb20246381,1,COc1ccc(CCC(c(c(O)cc(OC)c2)c2O)=O)cc1
Amb22583877,1,CC1(C)OC1CC/C(/C)=C/COc1c(cco2)c2cc(O2)c1C=CC2=O
Amb3994289,1,COc(cc1)cc2c1Oc(cc(cc1O)O)c1C2=O
Amb22583880,1,CC(C)=CC(C/C(/C)=C/COc1c(cco2)c2cc(O2)c1C=CC2=O)O
Amb22583882,1,OC(c(cc1)cc(C(O)=O)c1O)=O
Amb22583885,1,COc1c(/C=C/C=O)cccc1
Amb17608579,1,CN(C=C(C=C(C(OC)=C1)OC)C1=C1C=C2)C1=C1C2=C=C2OCOC2=C1
Amb22583886,1,CC(C(C=C1OC(c2ccccc2)=CC=C11)O)=C1OC
Amb21855667,1,CCCCCCCCC(NCc(cc1)cc(OC)c1O)=O
Amb22171279,1,COC1=C(c(cc2)cc(O)c2O)Oc(c(O)c(cc2O)O)c2C1=O
Amb22583891,1,COc1c(cc(c(c2c3OCOc3c3)c3C(O)=O)[N+]([O-])=O)c2cc(O)c1
Amb22264538,1,COc(cc(cc1)C(Oc(c2c3O)cc(OC)c3OC)=CC2=O)c1O
Amb19958126,1,Oc(cc1)cc(O)c1C(CCc1ccccc1)=O
Amb22583895,1,CC(C)C1=CC=C(C)C2=CC=C(C)C2=C1
Amb22583896,1,COc(cc(c(C1=O)c2O)OC(c(cc3)ccc3O)=C1O)c2OC
Amb22584335,1,COc(cc1)cc(O)c1C(c1ccccc1)=O
Amb22584340,1,COc1cc(C(OCCCCNC(N)=N)=O)cc(OC)c1O
Amb21928900,1,COc(cc(cc1)C(Oc(c(OC)c(c(OC)c2O)O)c2C2=O)=C2OC)c1O
Amb18132680,1,CC(C)=CCC(CC=C(C)C)(C(C(O)=C1O)=O)C1=O
Amb18661277,1,CC(C)=CCc(c(OC(C1)c(cc2)ccc2O)c(cc2)C1=O)c2O
Amb18135426,1,CCC(C(C=C1N2Cc3cc4cc(OC)ccc4nc13)=C(CO1)C2=O)(C1=O)O
Amb6355342,1,COc(c1c2occ1)c(C=CC(O1)=O)c1c2O
Amb16193428,1,C=CCSS(CC=C)=O
Amb31207302,1,O=C1N(C[C@@H]2[C@H](CCCC3)N3C[C@H]3C2)C3=CC=C1
Amb20246348,1,C[C@@H](CCCO)C([C@H]([C@@H]1C2=C)O)=C(C)C[C@H]1OC2=O
Amb22584448,1,Cc(cc1C(c2cccc(O[C@H]([C@H]([C@@H]3O)O)O[C@@H](CO)[C@@H]3O)c22)=O)cc(O)c1C2=O
Amb20246405,1,Oc(c1c(cc2OC(c3ccccc3)=C3)OCO1)c2C3=O
Amb22584471,1,CC(C)([C@H](CC1)[C@](C)(CC2)[C@@H](CC3)C1=C[C@@]3(C)[C@H](CO)O)[C@H]2O
Amb22584638,1,Oc1cccc(C[C@H](CO2)[C@H](Cc3cc(O)ccc3)C2=O)c1
Amb22234530,1,C[C@]([C@H]1[C@H]([C@H]([C@@H](C2)OC(/C(/C)=C/CO)=O)C3=C)OC3=O)(C=C[C@@H]1C2=C)O
Amb22055516,1,C[C@@H]([C@@H]([C@H](C1)O2)[C@@](C)(CC3)[C@@H]1[C@H](CC1)[C@H]3[C@@](C)(C[C@H]3O)[C@@H]1C[C@H]3O)[C@]21OC[C@@H](C)CC1
Amb22584526,1,OCC(C1)(COc(cc(cc2)O)c2-c(cc2O)c1cc2O)O
Amb22584530,1,Oc(c1c2cco1)cc(C=C1)c2OC1=O
Amb6296822,1,C[C@@H](Cc(c1c(c([C@@H]2C(C)(C)[C@@H]2CC2)c3C)C2=C)c3O)C1=O
Amb22584570,1,CN(C1)[C@H](C[C@@]23c(cccc4)c4N=C2[C@H](C2)OC4)[C@H]4[C@H]2[C@]13C=C
Amb4378331,1,C[C@@H]([C@](C(C)(C)O)(C(OCC1=CCN(CC2)[C@H]1[C@H]2OC(/C(/C)=C\C)=O)=O)O)OC
Amb22584571,1,C=C(CC[C@](C1)([C@@H]2CC[C@@H]1O1)C1=O)[C@]2(C[C@@H](c1cocc1)O1)C1=O
Amb10845263,1,COc(cc1OC)c(CCC(c2cc(O)ccc2)=O)cc1OC
Amb22584588,1,CN(c(cccc1)c1C(c1c2OC)=O)c1c1OCOc1c2OC
Amb22584600,1,CC(c(c(OC)cc(OC)c1C)c1O)=O
Amb537284,1,C[C@@](CO[C@@H]([C@@H]([C@H]1O)O)O[C@H](CO)[C@H]1O)(CCC1)[C@@H](CC2)[C@]1(C)[C@H](CCC1=CCOC1=O)C2=C
Amb22893157,1,C([C@@H]1[C@@H](c(cc2)cc3c2OCO3)OC[C@H]11)O[C@@H]1Oc(cc1)cc2c1OCO2
Amb22893230,1,OC(CCN1C2)C1=Nc1c2cccc1
Amb540630,1,CN(CC1)[C@@H]([C@H](c2c3cc4OCOc4c2)OC3=O)c2c1cc1OCOc1c2
Amb2694264,1,OCc(c1c(cc2)OCO1)c2-c1ncc(ccc2c3OCO2)c3c1
Amb22584784,1,CC1=C(c2c(CC3)cc4OCOc4c2)N3C=C2C1=C=C1OCOC1=C2
Amb22584787,1,CC(O[C@@H]([C@@H](C=C[C@H]1O)OC(c2ccccc2)=O)[C@]1(COC(c1ccccc1)=O)O)=O
Amb22584789,1,CC(C)([C@H]1O[C@H]1[C@@H]1[C@@](C)([C@H](CC[C@@H]2[C@@](C)(C3)O)[C@]3(C[C@H]3O)[C@H]2OC(C)=O)O)[C@@]13O
Amb22892904,1,CC(C)(CC[C@H]1O)[C@H]([C@H]([C@@H]([C@@]2(C)O[C@](C)(CC3=O)C=C)O)OC(C)=O)[C@@]1(C)[C@@]23O
Amb22584805,1,CN(CC1)C(Cc(c(-c2c3OC)c4O)ccc4OC)c2c1cc3OC
Amb22584810,1,CC(c(c(C)cc1cccc(O)c11)c1O)=O
Amb22584813,1,C[C@](CCC1)([C@H](CC[C@](C2)(C(C3)=C)O)[C@]23CC2)[C@H]2[C@@]1(C)C(O)=O
Amb22741182,1,C[C@H]([C@H]([C@@H](C1)O2)[C@](C)(CC3)[C@H]1[C@@H]1[C@@H]3[C@](C)(CC[C@H](C3)O)C3=CC1)[C@]21OC[C@H](C)CC1
Amb22741183,1,C[C@](CC[C@H]([C@@H]1CC2)[C@](C)(CC[C@H](C3)O)[C@@]23O)([C@@H](CC2)C(CO3)=CC3=O)[C@@]12O
Amb22741186,1,COC(CC=C1C2=CN(CCc(c3c4)cc(OC)c4OC)C3=C1)=C2O
Amb22741187,1,COc1cc(CCN2C3Cc4ccc5OCOc5c4C2)c3cc1OC
Amb22741189,1,CC(c(c(C)cc1cc(O[C@H]([C@H]([C@@H]2O)O)O[C@@H](CO)[C@@H]2O)cc(OC)c11)c1O)=O
Amb22741190,1,CC(C)c1cc([C@H]([C@@H]([C@@H]2[C@@]34CCCC2(C)C)O)O[C@H]4O)c3c(O)c1O
Amb22741191,1,COc(cccc1)c1OCC(CO)O
Amb22741192,1,OC(CC(OCc(cc1)ccc1O)=O)(CC(OCc(cc1)ccc1O)=O)C(O)=O
Amb22741193,1,CCC[C@@H]([C@H](CC1)[C@@H]2C(C(O3)=O)=C1/C3=C/CCC)[C@]2(C1=C2C=CCC1)OC2=O
Amb18511582,1,COc(ccc1c2O[C@H]3c(ccc(O[C@H]([C@H]([C@@H]4O)O)O[C@@H](CO)[C@@H]4O)c4)c4OC[C@H]13)c2OC
Amb22741196,1,COc(ccc([C@@H](C1)COc2c1ccc(O[C@H]([C@H]([C@@H]1O)O)O[C@@H](CO)[C@@H]1O)c2)c1O)c1OC
Amb22741206,1,CC(C)(C=C1)Oc2c1c(O)ccc2C1=Cc(ccc(O)c2)c2OC1
Amb22741214,1,COc(cc1)cc(-c2c3c4nccc3cc3c2OCO3)c1C4=O
Amb19746933,1,CN(c1c2cco1)c(cccc1)c1C2=O
Amb22741216,1,CN(c1c2cco1)c(ccc(OC)c1)c1C2=O
Amb6356941,1,O=Cc1cccc2c1CCOC2=O
Amb22741220,1,CC(C)=CCc(c(OC)cc(OC1)c2C=C1c(ccc(O)c1)c1O)c2OC
Amb22741224,1,COc(cc1O)cc(OC(c(cc2)cc(O)c2OC)=C2)c1C2=O
Amb22741225,1,CC(C)=CCc(c(O)cc(O1)c2C=C(c(ccc(O)c3)c3O)C1=O)c2OC
Amb22741226,1,CC(C)=CCc(c(OC(C=C1)=O)c1cc1OC)c1O
Amb22741229,1,CC(C)(CCc(c(O1)c(cc2)C=CC1=O)c2OC)O
Amb22741231,1,CC(C)(C=C1)Oc(cc2O)c1c(Oc1c3ccc(O)c1O)c2C3=O
Amb22741236,1,COc(cc(CCO)cc1)c1O
Amb22741238,1,COc(cc1)ccc1-c1ccc(cccc2C3=O)c2c1C=C3O
Amb22741240,1,CC(C)C(c(c(O)cc(O)c1C)c1O)=O
Amb22741241,1,Oc1ccc(C=CC(O2)=O)c2c1-c(c(O)ccc1C=C2Oc(cc3)cc(O4)c3C=CC4=O)c1OC2=O
Amb19131081,1,CCCCC(c1c2ccc(O)c1)OC2=O
Amb19133905,1,Oc1cc(O)c(C(/C=C/c2ccccc2)=O)c(O)c1
Amb6334862,1,CCC(C(C=C1N2Cc3c(CC)c4cc(O)ccc4nc13)=C(CO1)C2=O)(C1=O)O
Amb22893589,1,CC(C)(CC1)C[C@H]2C3=CC[C@H]([C@@](C)(C[C@H]4O)[C@@H](CC5)[C@@](C)(CO)[C@@H]4O)[C@]5(C)[C@]3(C)CC[C@]12C(O)=O
Amb22893204,1,C[C@@H]([C@H]([C@@H]([C@H]([C@@](C)(C(C=C1C)=O)C1=C1)[C@@]2(C)C1=O)O)O1)[C@@H]2C1=O
Amb22893205,1,C[C@]([C@@H](CC1)O)(c(cc2)c1c(C1=O)c2-c(occ2C)c2C1=O)O
Amb22893206,1,C[C@H](C1)CO[C@]1(c1c2c3cccc(C)c3cc1)OC2=O
Amb6297225,1,COc(cc(C=O)cc1O)c1O
Amb3997248,1,COc1cc([C@H]([C@H]([C@H](CO2)[C@@H]3O)C2=O)c2c3cc3OCOc3c2)cc(OC)c1OC
Amb24180736,1,CN(CC1)C(Cc(c(-c2c3OC)c4O)ccc4OC)c2c1cc3OC
Amb2610677,1,COc1ccc(CC(c2cc(OC)c3OCOc3c2)=O)cc1
Amb4154672,1,OC(c1ccncc1)=O
Amb22893341,1,CCC(c1ccccc1)=O
Amb2613939,1,CC(C)=CC(OC(C(c(c(OC)ccc1C=C2)c1OC2=O)=O)=C(C)C)=O
Amb19131489,1,CCN(C[C@](C)(CCC1)[C@H]2C[C@H]34)[C@H]4[C@]12[C@H]([C@H]([C@H](CC1)C2=C)O)[C@@]13[C@H]2O
Amb22893210,1,CN(CC[C@]1([C@H](C2)O3)C=C[C@@H]2O)Cc(cc2)c1c3c2OC
Amb22893245,1,C[C@@H](CC1)C=C[C@H]1C(C)=C
Amb23437995,1,CN(CC1)C(Cc(c(-c2c3OC)c4O)ccc4OC)c2c1cc3O
Amb21855860,1,CC(C)[C@H](CC[C@@](C)([C@@H](CC1)O)[C@@H]2[C@@]1(C)O)[C@@H]2O
Amb23437997,1,CC(C)(CCC1)[C@@H](CC2)[C@]1(C)[C@H](C/C=C(\C[C@H](O)O1)/C1=O)C2=C
Amb23437998,1,C[C@](C1)([C@H](C[C@H](C2)O)[C@H]([C@H](C3)OC4=O)[C@@H]2C(O)=O)[C@]34O[C@H]1c1cocc1
Amb3941500,1,CCc(cnc(O)n1)c1O
Amb3939948,1,CC(c(c(O)cc(C)c1)c1O)=O
Amb3939522,1,COC(c(cc1)cc(OC)c1O)=O
Amb23438419,1,COc(cccc1)c1C(O)=O
Amb6357130,1,CC(c1cc(OC)ccc1)=O
Amb22892841,1,Cc1cc(O)c(C=O)c(Oc(c(C)c(C(O)=O)c(O)c2CO)c2O2)c1C2=O
Amb23438472,1,CC(C)[C@@H](C(N1[C@H]2CCC1)=O)NC2=O
Amb22801457,1,O[C@H]([C@@H](c1ccccc1)Oc1c2c(O)cc(O)c1)C2=O
Amb23438583,1,C[C@@H](CCC[C@H]1O[C@H]1C[C@@H](/C(/C)=C/c1csc(C)n1)OC(C[C@@H](C(C)(C)C([C@@H]1C)=O)O)=O)[C@@H]1O
Amb8398732,1,Cc1c(C=CCC2=C3COC2=O)c3cc2c1C(c1cocc1)OC2=O
Amb23438633,1,CCC[C@H]([C@@H]([C@H](CC(OC)=C1)OC1=O)O)O
Amb19930568,1,CC[C@H](C)C(O[C@@H]1[C@H]([C@@H](CC[C@H](C[C@H](C2)O)OC2=O)[C@@H](C)C=C2)C2=CCC1)=O
Amb23438649,1,COc1cccc(Oc2c3c(OC)cc4c2[C@H]2C=CO[C@H]2O4)c1C3=O
Amb23438659,1,CC[C@H](C)C(O[C@@H]1[C@H]([C@@H](CC[C@H](C[C@H](CC(O)=O)O)O)[C@@H](C)C=C2)C2=C[C@H](C)C1)=O
Amb23438661,1,C[C@H]([C@H](CC1)[C@](C)(CC2)[C@H]1[C@@H]1[C@@H]2[C@](C)(CC[C@H](C2)OC)C2=CC1)N(C)C
Amb23438670,1,CO[C@H]([C@@H]1C2)OC[C@@H]1[C@@H](c(cc1)cc(OC)c1O)c(cc1O)c2cc1OC
Amb23438671,1,CC[C@@H](C)/C=C(\C)/C=C/C(OC=C1[C@H]([C@H]2C(C)=O)[C@]3(C)OC2=O)=CC1=CC3=O
Amb23438672,1,CC(O[C@H]([C@@H](c1ccccc1)Oc1c2c(O)cc(OC(C)=O)c1)C2=O)=O
Amb23438688,1,CC(C)([C@@H](C[C@@]1([C@](C)(CC2)O)N2C2)[C@@]2(C2)N(C)C1=O)[C@@]2(c(ccc1c2OC=CC(C)(C)O1)c2N1)C1=O
Amb23438696,1,C[C@@H](CCC[C@H](CCCCCc1cc(O)cc(O)c11)O)OC1=O
Amb23438700,1,C[C@H](CC1)[C@]2(C[C@@H]3C(C)(C)[C@@](C4)(c(ccc5c6OC=CC(C)(C)O5)c6N5)C5=O)N1C[C@]34N(C)C2=O
Amb19134276,1,C[C@@H](CC[C@](CC1)([C@@H]2C1=O)[C@H](C)[C@H]([C@](C)(C1)C=C)O)[C@]2(C)[C@H]1OC(CO)=O
Amb23438734,1,CC[C@H](C)C(O[C@@H](C1)[C@H]([C@@H](CC[C@H](C[C@H](CC(O)=O)O)O)[C@@H](C)C=C2)C2=C[C@H]1O)=O
Amb23438735,1,CC(C)(C1)[C@@H](CC2)[C@H](CC([C@H]3CO4)=O)[C@@]13[C@H]2C4=O
Amb23438736,1,CC[C@@H](C)[C@@H](C(N(C)c1c2cccc1)=C1C2=O)NC1=O
Amb22829469,1,CC[C@H](C)[C@@H](C(N(C)c1c2cccc1)=C1C2=O)NC1=O
Amb22732257,1,C[C@H](CCC[C@H](CCCCCc1cc(O)cc(O)c1C(O)=O)O)O
Amb23438778,1,C[C@H](CC[C@@H](C1(C)C)[C@]2(C)CC[C@H]1O)[C@@]2(C1)Oc2c1c(O)cc1c2CNC1=O
Amb8398429,1,CC[C@@H](CCC[C@@H]([C@@H](C)C(C([C@H]1C2)=C[C@@H]3[C@H]1C=C(C)[C@H](C1)[C@H]3C[C@@H]1O)=O)O)OC2=O
Amb22893155,1,COc1cc(O[C@@H]2OC=C[C@H]22)c2c(Oc2c3c(O)ccc2)c1C3=O
Amb22893154,1,CC(CCCC(CCCCCc1cc(O)cc(O)c1C(O)=O)=O)O
Amb22893394,1,OCCC1=C(CO)C(CO)CC1
Amb23602699,1,CC(C)(CCC1)[C@@H](CC2)[C@]1(C)[C@H](C/C=C(\CCO1)/C1=O)[C@]21OC1
Amb23603042,1,CO[C@H](C1)C=CC2=CCN(C[C@@H](c3c4)OC)[C@]12c3cc(OC)c4OC
Amb22745009,1,Cc(cc1)ccc1C(O[C@@H]([C@@H](C(O)=O)OC(c1ccc(C)cc1)=O)C(O)=O)=O
Amb21963232,1,COc(c(O)cc([C@H]([C@H]1O)Oc(cc(cc2)O)c2C1=O)c1)c1O
Amb21963229,1,COc(c(C(C1)=O)c(c(OC)c2OC)OC1c1ccccc1)c2O
Amb23603874,1,C[C@](CCC1)(CC[C@@H](C2)C(CO)=C)[C@H]2[C@@]1(C)O
Amb23603878,1,C[C@@](CC1)([C@H](CC2)[C@@H]3[C@@H]1[C@](C)(CC[C@H](C1)O)C1=CC3)[C@@H]2C(C)=O
Amb22748332,1,C[C@](CCC1)([C@H](CC2)[C@@]1(C)c(cc1)c2cc1O)C(O)=O
Amb23603896,1,COC([C@@H]([C@@H](CC[C@H]1C2)N1C(O)=O)[C@H]2OC(c1ccccc1)=O)=O
Amb23603900,1,C[C@]1(CC[C@@H](C2)C(C(OC)=O)=C)C2=C(C)CCC1
Amb23603909,1,CC(Oc1ccc(C(CC2=O)Oc3c2c(OC(C)=O)cc(OC(C)=O)c3)cc1)=O
Amb23603945,1,C[C@H](Cc(c(-c1c2cc3OCOc3c1OC)c1OC)cc(OC)c1OC)[C@@H](C)[C@@H]2O
Amb22168712,1,COC(C(Cc(cc1)cc(O)c1O)OC(/C=C/c(cc1)cc(O)c1O)=O)=O
Amb23604010,1,C[C@]([C@@H](C1)O)([C@@](C)([C@H]([C@H](C2)O)[C@@](C)(C=CC(C3(C)C)=O)C3=C3O)C3=O)C2=C1c1cocc1
Amb22002085,1,C[C@H](CC[C@@]1(CC2)C(O)=O)[C@H](C)[C@H]1C1=CC[C@H]([C@@](C)(CC3)[C@@H](CC4)C(C)(C)[C@H]3O)[C@]4(C)[C@@]12C(O)=O
Amb22893260,1,CC(C)(CCC1)[C@H](CC2)[C@@]1(C)[C@@H](/C=C/C1=C[C@@H](OC)OC1=O)C2=C
Amb22745013,1,CC(C)(c(oc1cc(O2)c3C=CC2=O)cc1c3OC)O
Amb23604023,1,C[C@@](CC[C@@H]1C=C(C)C)([C@@H]1[C@](C)(CC1)O)[C@@H]1O
Amb23604044,1,CC(CO)(Cc(c1c(C)c(CCO)c2C)c2O)C1=O
Amb15770114,1,CC(C)(CCC1)[C@@H](CC2)[C@]1(C)[C@H](C/C=C(\[C@@H](CO1)O)/C1=O)C2=C
Amb22893242,1,C[C@](CCC1)([C@H](CC[C@@]2(C3)C(C4=C)=O)[C@@]1(C)C2=CC[C@]34O)C(O)=O
Amb23604074,1,CC(C)(CCC1)[C@@H](CC2)[C@]1(C)[C@H](C[C@@H](C1=CCOC1=O)O)C2=C
Amb23604087,1,C[C@@]1(CC2)C3=CC[C@@H](C(C)(C)C(CC4)=O)[C@@]4(C)[C@H]3CC[C@@]1(C)[C@@H]2C(C(N1)=O)=CC1=O
Amb22748609,1,C[C@@H]([C@@H]1[C@H]([C@H]2O[C@@]2(C)CC2)[C@H]2[C@@H](C)CC1)C(O)=O
Amb23604147,1,CC(C)c1cc(CC[C@@H]([C@@]2(C)CCC3)[C@@]3(C)O)c2cc1
Amb23604148,1,CC(C)[C@@H]([C@H]([C@@H](C1)[C@H](C)C2)C=C(C)[C@H]1OC(C)=O)C2=O
Amb22893091,1,CC(C)[C@H](CC1)[C@@H]2N3[C@](CCC4)(CC5)[C@@H]4[C@]2(CC[C@H]([C@@](C)(CC[C@@H]2O)O4)[C@@]2(C)C4=O)[C@]1(C)[C@H]5C3
Amb23604165,1,CC(C)(CC1)Oc2c1c(OC(CC1=O)c3ccccc3)c1c(O)c2
Amb23604188,1,CC(C)[C@@H](CC1)C=C(CC2)[C@H]1[C@]1(C)[C@@H]2[C@](C)(CO)CCC1
Amb23604193,1,CCOC(/C=C/c(cc1)ccc1O)=O
Amb23604194,1,C[C@H](CC([C@]1(C(C)=C)O)=O)[C@H](C2)[C@@H]1C=C(C)C2=O
Amb23604223,1,CC(C)=CC[C@H](C[C@@H](c1c2cccc1)OCSC)C2=O
Amb23604231,1,CC[C@H]([C@@H](C)[C@@H]1c(cc(c(OC)c2)OC)c2OC)c(c(OC)c2)c1c(OC)c2OC
Amb23604247,1,CC(C)=CCOc(ccc([C@H]1OC[C@@H]2[C@@H](c(cc3)cc4c3OCO4)OC[C@@H]12)c1)c1OC
Amb23604270,1,COc(cc(CCCC[C@@H]([C@H](Cc(cc1)c2)O)O)cc3-c2c1O)c3O
Amb23604303,1,C[C@@](CCC1)([C@@H](CC[C@@H](C2)C3=C)[C@@]2(CC2)[C@H]3O)[C@@H]2[C@@]1(C)C(O[C@H]([C@H]([C@@H]1O)O)O[C@@H](CO)[C@@H]1O)=O
Amb23604321,1,CC(C)C(Cc(c(O1)c(cc2)C=CC1=O)c2OC)=O
Amb23604322,1,CC(C)(C(c1cc(C)c(CCO)c(C)c11)O)C1=O
Amb23604343,1,CC(C)(C(CC/C(/C)=C/COc1c(cco2)c2cc(O2)c1C=CC2=O)O)O
Amb23604357,1,C/C=C(\C)/C(OC/C(/C(OC/C=C/c(cc1)cc(OC)c1OC)=O)=C/C)=O
Amb23604386,1,CC(C)=CCc(c(OC(CC1=O)c(cc2)cc(O)c2OC)c1c(O)c1)c1O
Amb23604406,1,C[C@]([C@H]([C@H]([C@@H]1C(C)=CC2)O)O[C@H]3C4)([C@@H](CC(OC)=O)[C@]1(C)C2=O)C3=C(C)[C@H]4c1cocc1
Amb23604411,1,C[C@@](CC[C@H]1OC(/C=C/c2ccccc2)=O)([C@H](CC[C@]2(C[C@H]3CC4)CC3=C)[C@]1(C)C(O)=O)[C@@]24O
Amb23604441,1,CO[C@@H](C[C@@H](CCC(C[C@@H](CCc(cc1)cc(OC)c1O)O)=O)CC1)[C@H]1O
Amb10549784,1,COc1c2OCOc2cc([C@H]2OC[C@@H]3[C@@H](c(cc4OC)cc(OC)c4OC)OC[C@H]23)c1
Amb23604476,1,C/C=C1/[C@@H](C[C@@H](c2c(C3)c(cccc4)c4n2OC)OC2)[C@@H]2[C@H]3N(C)C1
Amb23604485,1,O[C@@](CC1)([C@@H]([C@H]2CO3)Oc4c2cc2OCOc2c4)C3=CC1=O
Amb23604497,1,COc1cc(OC[C@@H]2c(ccc(O)c3)c3O[C@H]22)c2cc1
Amb23604511,1,C[C@@H]([C@H](C1)O)c2c1ccnc2
Amb23604534,1,CC(C)C(C([C@@]1([C@H](CC2)C(C)=C)O)=O)=Cc3c1c2c(C)cc3
Amb23604535,1,OCC(C(O[C@H](C1)C[C@@H]2N[C@H]1[C@H]1O[C@@H]12)=O)c1ccccc1
Amb23604537,1,C[C@H](/C=C/[C@]([C@@H](C)[C@H]1O)(C(C)(C)C[C@H]1O)O)O
Amb23604544,1,CC(C)(C(C1)O)Oc2c1cc(cc(-c1cc(O)cc(O)c1)o1)c1c2
Amb23604549,1,C[C@](CCC1)([C@@H](CC2)[C@@]1(C)C(O)=O)[C@@H](CC1)C2=CC1=O
Amb22407099,1,CC(C)(CC(C=C1C)=O)C1(/C=C/C(/C)=C\C(O)=O)O
Amb23604601,1,CC(C)(C(c1cc(C(OCC2)=O)c2c(C)c11)O)C1=O
Amb8400710,1,COc(ccc([C@H]1OC[C@@H]2[C@@H](c(cc3)cc(OC)c3OC)OC[C@H]12)c1)c1OC
Amb4478405,1,C[C@H](C[C@@H]([C@@H](C1)C(C)(C)OC(C)=O)OC(/C(/C)=C\C)=O)[C@H](C2)C1=C(C)C2=O
Amb23604640,1,COc1cc(O)c([C@](CC2)(CC3)CC[C@@H]3O)c2c1
Amb23604641,1,COc1cc([C@@H]([C@@H]([C@@H](CO2)[C@@H]3O)C2=O)c2c3cc3OCOc3c2)cc(OC)c1O
Amb23604652,1,OC[C@@H]1[C@@H](c(cc2)cc3c2OCO3)OC[C@@H]1Cc(cc1)cc2c1OCO2
Amb23604712,1,CC(C)([C@@H](CC1)[C@@H](C[C@](C)(CC2)O)[C@H]2C1=C)O
Amb23604714,1,CC(C)([C@@H](CC[C@@]12C)C[C@@H]2C(C)=CC[C@@H]1O)O
Amb23604715,1,COc(cc(C[C@@H]1[C@H](CO)[C@@H](c(cc2OC)cc(OC)c2O)OC1)cc1)c1O
Amb23604718,1,CC(C)(CC[C@H]1O)[C@H]([C@H]([C@]2(O)OC3)O)[C@@]13[C@@H]([C@@H](C[C@@H](C1)C3=C)O)[C@]12C3=O
Amb6296368,1,CO[C@](C[C@](CCC1)([C@H]23)N1C1)([C@@H]3O)O[C@H]1c1c2cc2OCOc2c1
Amb22893248,1,CCCCC(C1=C2C=CCC1)(O)OC2=O
Amb22584432,1,COC([C@@H](C[C@]1(CC2)[C@H]([C@@]34CC5)N5CCC1)[C@]24Nc1c3cccc1)=O
Amb10549476,1,C[C@@H]([C@@]1(C[C@H]2C(OC)=O)[C@H]([C@@]34CC5)N5CCC1)[C@]24Nc1c3cccc1
Amb22831068,1,Cc(ccc(O)c1)c1C(O)=O
Amb22584597,1,C[C@H](C[C@@H]([C@H](C1)C2=C)OC2=O)[C@H](CC2)[C@@]1(C)[C@H]2O
Amb22002038,1,CC(C)CC(O[C@@H]([C@@H]([C@H]1[C@](C)(CC[C@H](C2)O)C2=CC[C@H]11)OC(C)=O)[C@@](C)([C@@H](CC2)C(C)=O)[C@]12O)=O
Amb22893315,1,CC[C@@H]([C@@H]1[C@H]2OCC1)Nc1c2cccc1
Amb21963233,1,CC[C@@]1(C2)C=CCN(CC3)[C@@H]1[C@@]3(c(cccc1)c1N1)C1=C2C(OC)=O
Amb22893324,1,OC(CCCCCCCC(O)=O)=O
Amb22892854,1,C[C@H](CCC(O)=O)[C@@H](CC[C@H]1[C@H](CC2)[C@H](C3)[C@@](C)(CC4)[C@H]2C[C@@H]4O)[C@@]1(C)[C@H]3O
Amb24123297,1,C[C@@H]([C@@H]([C@H](C1)O2)[C@@](C)(CC3)[C@@H]1[C@H](CC1)[C@H]3[C@@](C)(CC3)[C@@H]1C[C@H]3O)[C@]21OC[C@H](C)CC1
Amb22830870,1,C/C=C(/CN(CC[C@@]12c(cccc3)c3N3C)[C@H](C4)[C@]13OC1)\[C@H]4[C@]12C(OC)=O
Amb24052157,1,C([C@H]1[C@H](c(cc2)cc3c2OCO3)OC[C@@H]11)O[C@@H]1c(cc1)cc2c1OCO2
Amb22830537,1,C[C@](CO)(C[C@H](C1)O)[C@H](CC2)[C@@]1(C)[C@@H](CC1)C2=C[C@]1(C)[C@@H](CO)O
Amb24052172,1,CC(C)([C@@H](CC1)[C@@](C)(CC2)[C@H](C/C=C(\[C@@H](CO3)O)/C3=O)C1=C)[C@@H]2O
Amb22889300,1,COc1cc(-c2c(C(C3)NCC4)c4cc(OC)c2O)c3cc1O
Amb23024701,1,C[C@@H](CC1)CN(C[C@@H]([C@@H]2C3)[C@@H]4CC[C@H]2[C@H](C2)[C@H]3[C@@](C)(CC[C@@H](C3)O)[C@H]3[C@H]2O)[C@@H]1[C@@]4(C)O
Amb24052565,1,COc(ccc([C@H]1OC[C@@H]2[C@@H](c(cc3OC)cc(OC)c3OC)OC[C@H]12)c1)c1OC
Amb24052572,1,CC(C)(CCC1)[C@H](CC2)[C@@]1(C)[C@@H]([C@H](C=C(C1)C=O)OO[C@@H]1O)C2=C
Amb24052745,1,Cc(c(OC(CC1=O)c(cc2)ccc2O)c1c(O)c1)c1O
Amb24052785,1,CC(C)([C@H]([C@@H]1OC(/C(/C)=C/C)=O)OC(/C(/C)=C/C)=O)Oc(cc2)c1c(O1)c2C=CC1=O
Amb24052789,1,CC(C)/C(/C)=C/C(O[C@H](C[C@H]([C@@](C)(CC[C@@H](C1)O)C1=CC1)[C@@]1([C@]1(CC2)O)O)[C@]1(C)[C@@]2(C(C)=O)O)=O
Amb22829013,1,Cc(c(CCc1c2)c(cc3)-c1c(C=C)cc2O)c3O
Amb22893381,1,CN(CC[C@]1(CC([C@@H]2OC)=O)c3c4OC)[C@]1(C1)[C@@]2(OC)O[C@@H]1c3ccc4OC
Amb22892982,1,CC(C)(C1)[C@@H](CC[C@](C)(C2)[C@@H](CC3)O)[C@@H]1[C@@]23O
Amb22829053,1,COC(CC=C1C2=CN(CCc(cc3)c4cc3OC)C4=C1)=C2OC
Amb24052418,1,C[C@H](CC[C@]1([C@@H]2C3=CC[C@H]([C@@](C)(CC4)[C@@H]([C@@H](C5)O)C(C)(C)[C@H]4O)[C@]5(C)[C@]3(C)CC1)C(O)=O)[C@@]2(C)O
Amb22893232,1,C[C@@](CC[C@@H]([C@H]1CC2)[C@@](C)(CC3)[C@@H]2C[C@H]3O)([C@H](CC2)C(CO3)=CC3=O)[C@@]12O
Amb22892990,1,C[C@@](CO)([C@H](CC1)[C@](C)(CC2)[C@@H](/C=C/C3=CCOC3=O)C1=C)[C@H]2O
Amb22893330,1,C[C@@]1(CC/C=C(/C)\C[C@@H]([C@@H]2C3=C)OC(C)=O)O[C@@H]1[C@@H]2OC3=O
Amb22892843,1,CC(C)(CC[C@@H]1O2)[C@@H]([C@H](O)OC3)[C@]13[C@H]([C@@H](C[C@H](C1)C(C3=O)=C)O)[C@]13C2=O
Amb22889470,1,C[C@@](CCC1)([C@@H](CC[C@@H](C2)[C@](CO)(C3)O)[C@@]23CC2)[C@@H]2[C@@]1(C)C(O)=O
Amb23024724,1,C[C@@H]([C@@H]1OCO[C@@H]11)[C@H](C[C@H](O)O[C@@H]2C[C@H]3[C@H](C)C=C4OC)[C@@]2(C)[C@H]1[C@@]3(C)C4=O
Amb24180097,1,C[C@@H](CC1)[C@@](C)(CC/C(/C)=C/C(OC)=O)[C@H]2[C@@]1(C)C(C(O)=O)=CCC2
Amb22893344,1,C[C@]([C@H](CC[C@]12CC=C(CC3)C(OC)=O)[C@]23O)(/C=C/C=C(\C)/C(O)=O)OC1=O
Amb22893053,1,COc(cc(cc1O)C(Oc(c2c3O)cc(O)c3OC)=CC2=O)c1OC
Amb22893406,1,C[C@@H](CC1)[C@@](C)(CCC2=CCNC2=O)[C@H]2[C@@]1(C)C(C(O)=O)=CCC2
Amb22893409,1,CC1(C)OC1COC(c(cc(cco1)c1c1)c1O1)=CC1=O
Amb28984728,1,C[C@]1(CC[C@@H]([C@H]2CC3)[C@@](C)(CC4)[C@H]3C[C@H]4O)[C@@]22O[C@@H]2C[C@@H]1C(C=C1)=COC1=O
Amb19338098,1,CC(C)[C@H](CC1)[C@H]([C@H]([C@](C)(CC2)O)O)[C@]1(C)[C@@H]2O
Amb8400601,1,COc(cc1)cc(/C=C/C(O)=O)c1OC
Amb22168745,1,C[C@](CC1)([C@@H](CC2)[C@H](CC3)[C@H]1c(cc1)c3cc1O)C2=O
Amb24107105,1,C[C@@](C[C@@H]1CC(OC2)=O)([C@@H](C3)[C@]12[C@H](CC[C@@](C)([C@H](c1cocc1)O1)[C@@]24O[C@H]4C1=O)[C@]2(C)C3=O)O
Amb24107125,1,CC(C)([C@@H](C1)OC2)[C@H]([C@H](C([C@@](C3)([C@@H]4OC(C)=O)[C@@H]5CC[C@@H]3C4=C)=O)O)[C@@]25C1=O
Amb24107128,1,COc(cc1)cc2c1Oc(c(OC)c(c(OC)c1OC)OC)c1C2=O
Amb23604420,1,CC(C)([C@@H](c1cc(C)c(CCO[C@H]([C@H]([C@@H]2O)O)O[C@@H](CO)[C@@H]2O)c(C)c11)O)C1=O
Amb22168755,1,CC(C)C[C@@H](C(N[C@H]1Cc(cc2)ccc2O)=O)NC1=O
Amb24107139,1,Oc1ccc(C[C@@H](C(N[C@H]2Cc3ccccc3)=O)NC2=O)cc1
Amb23603964,1,C[C@@H](C(N[C@H]1Cc2ccccc2)=O)NC1=O
Amb24107174,1,CC(Oc1ccc(/C=C\C(O)=O)cc1)=O
Amb24107175,1,CC(C)(CCC1)[C@@H](CC2)[C@]1(C)[C@H](C[C@H](c1cocc1)O)C2=C
Amb24107184,1,C=C[C@@H](C#CC#C[C@H](/C=C/CCCCCCCCO)O)O
Amb22174132,1,CC(C)(CCC1)[C@H](CC2)[C@@]1(C)[C@@H](/C=C/C(C)=O)C2=C
Amb24107214,1,Cc(c(O)c(C([C@@H]([C@@H](c(cc1)ccc1O)O1)O)=O)c1c1)c1OC
Amb24107224,1,O[C@@]1(CN([C@@H](CCC2)[C@@H]3CCC4)C2=O)[C@H]3N4CCC1
Amb24107257,1,CN(CC1)[C@@H](CC(C=C2)=O)[C@]12c(cc1)cc(OC)c1OC
Amb22173892,1,CN(CC1)[C@H](CC(CC2)=O)[C@]12c(cc1)cc(OC)c1OC
Amb24107299,1,C[C@@H](Cc(c(-c(c(OC)c1OC)c2cc1OC)c1OC)cc(OC)c1OC)[C@H](C)C2=O
Amb24107318,1,COC(C=C(/C=C/c(cc1)cc(OC)c1OC)O1)=CC1=O
Amb24107328,1,C[C@H]([C@@H]([C@@H](C1)C2=C)OC2=O)[C@@H]2C1=C(C)CC[C@@H]2O
Amb24107364,1,CC(C)([C@H]([C@@H]1OC(/C(/C)=C/C)=O)OC(C)=O)Oc(cc2)c1c(O1)c2C=CC1=O
Amb24107386,1,CC[C@H](C)C(O[C@@H]([C@@H]1OC(C)=O)C(C)(C)Oc(cc2)c1c(O1)c2C=CC1=O)=O
Amb24107401,1,CC(C)(CC[C@@H]([C@@]1(CO2)[C@H]([C@H](C[C@H](C3)C(C4=O)=C)O)[C@]34C2=O)OC(C)=O)[C@H]1C=O
Amb24107404,1,COc(cc1OC)cc(OC(c(cc2)cc(O)c2O)=C2O)c1C2=O
Amb24107450,1,CC(O[C@@H](C[C@@](CCN[C@@H]1[C@H](c2ccc3OC)O)(C1=C1OC)c2c3O)[C@H]1OC(C)=O)=O
Amb24107472,1,CC(C)c1cc(C(C=C2C3(C)CCCC2(C)C)=O)c3c(O)c1O
Amb22892901,1,CC(C)=CCCC(C(c1c2c(O)ccc1O)=O)=CC2=O
Amb2721121,1,C[C@H]1C(C([C@@](CC(C)=O)(c2c3ccc4c2CCCC4(C)C)O)=O)=C3OC1
Amb22893181,1,CC1(C)Oc2cc(OC(C=C3)=O)c3cc2CC1O
Amb19517277,1,CC(C)C(c(cc1C)c(C2(C)O)cc1O)=CC2=O
Amb540002,1,CC(C)C[C@@H](C(N1[C@H]2CCC1)=O)NC2=O
Amb18009901,1,OC(c(cccc1)c1O1)=C(CC(C(Oc2c3cccc2)=O)=C3O)C1=O
Amb24308633,1,C[C@@H](CCC(O)=O)[C@@H](CC[C@H]1[C@H](CC2)[C@H](C3)[C@@](C)(CC4)[C@H]2C[C@H]4O)[C@@]1(C)[C@H]3O
Amb24308648,1,CNCCc(cc1)ccc1O
Amb24308650,1,C=C(CC[C@H]1C(CC[C@H]2C3=C)=C)[C@H]1[C@H]2OC3=O
Amb24308687,1,CC(C)([C@H]1[C@@H]([C@@](C)(CCC2)C3)[C@@]2(C)O)[C@@H]1C3=O
Amb6600208,1,CC(C)([C@H]1CCC([C@@]2(C)CC3)=O)[C@@H]1[C@@H]2[C@@]3(C)O
Amb24308692,1,COc1c2O[C@@H]3C=CC=C([C@H](C4)NCC5)[C@]35c2c4cc1
Amb8439811,1,CC(C)CCC(C(c(cccc1)c1C1=O)=O)=C1O
Amb24308729,1,CN([C@H](CC1)C2)[C@@H]1C[C@@H]2OC(c1ccccc1)=O
Amb24308754,1,CN(CC1)C(C2)c3c1cc1OCOc1c3C2(CC1)CCC1=O
Amb2694254,1,CC(C)(CCC1)[C@H]([C@@H]2OC(C)=O)[C@@]1(C)C(C(OC1)=O)=C1[C@@H]2O
Amb24308799,1,C[C@H](C[C@@H]([C@@H]1C2=C)OC2=O)[C@H]([C@H](C[C@H]2OC(C)=O)OC(C)=O)[C@@]2(C)[C@@H]1O
Amb24323897,1,C[C@@H]([C@H]([C@H](C1=C2CCC[C@H]11)OC2=O)OC(C)=O)[C@]1(C[C@H](c1cocc1)O1)C1=O
Amb24324009,1,C[C@](COC(C)=O)(CCC1)[C@@H](C[C@@H]2OC(C)=O)[C@]1(C)[C@H]1[C@@]2(C2)C=C(C)[C@@H]2CC1
Amb24324703,1,COc1cc(CCN(C2Cc3c4cccc3)C4=O)c2cc1OC
Amb24324715,1,NC(Cc1ccccc1)CO
Amb24324797,1,C[C@H](C[C@H](CC([C@]1([C@@H](c(c2ccc3)c3O)OC([C@@H](CS)NC(C)=O)=O)O)=O)[C@H]3[C@H]1C2=O)CC3=O
Amb24324914,1,CCC/C=C/C=C/C(CCC(O)=O)CC(O)=O
Amb24325508,1,C[C@@H]([C@]1(C)O[C@H]11)O[C@]1(C)/C=C(\C)/C=C(\C)/[C@H]([C@@](C)(C(O1)=C(C)C(OC)=CC1=O)O)O
Amb15770272,1,C[C@H](C[C@H]([C@@]1(CO)C(CO)=CCC[C@H]11)O)[C@@]1(C[C@@H](c1cocc1)O1)C1=O
Amb24325556,1,C[C@H]([C@@](C)([C@@]1(C)[C@H]2O)O)O[C@@H]1O[C@@H]2/C=C/C=C/C=C/C(O1)=C(C)C(OC)=CC1=O
Amb24325571,1,C[C@H](CCCC[C@@H]([C@H](CO)C(O)=O)O)C[C@@H](C)C/C(/C)=C/C(O)=O
Amb20246334,1,C[C@@H]1[C@@](CC[C@@H]2[C@@H]3[C@@H]4[C@](C)(CC[C@H](C5)O)C5=CC3)(C(C)=C2C4=O)O[C@@H]2[C@@H]1NC[C@H](C)C2
Amb24325634,1,C[C@H]([C@H]1C)[C@@H](c(cc2)cc(OC)c2OC)O[C@@H]1c(cc1)cc(OC)c1OC
Amb24325651,1,CC(C)=CCc(c(O[C@@H]([C@H](C1=O)O)c(cc2)ccc2O)c1c(O)c1)c1O
Amb24325674,1,OC(C(c1ccccc1)=C1Cc2ccccc2)OC1=O
Amb24325755,1,CC(C)([C@](C[C@@H]1C(N[C@@H]2Cc3ccccc3)=O)([C@H]3N1C2=O)c(cccc1)c1N3C(C)=O)C=C
Amb24325769,1,CC(C)CC[C@@]([C@@]([C@H](C)C(c1cc2ccc3)=O)(C(O)=O)O)(c1cc2c3O)O
Amb24325891,1,C/C=C(/C)\c1c(C(O)=O)c(O)c(C)c(O2)c1Oc(cc(cc1C)O)c1C2=O
Amb24325806,1,C[C@H]([C@H](CC1)O)[C@](C)([C@@H]2O[C@]22C(CO)=C)C1=CC2=O
Amb22337292,1,C[C@]1([C@@H](CC2=C3C)C(CO)=CCC1)C=C2OC3=O
Amb24325919,1,OC[C@@H]([C@@H]([C@H]([C@@H]1O)O)O)O[C@@H]1Oc1ccc([C@@H](C2)Oc(cc(cc3)O)c3C2=O)cc1
Amb24325923,1,CC(C)[C@@](C1)([C@@H]([C@@H](CC(C)=CC2)OC(c(cc3)ccc3OC)=O)[C@@]2(C)[C@@H]1O)O
Amb24325924,1,C[C@H](CC1)[C@](C)(CCc2cocc2)[C@H](C2)[C@@]1(C)C(C(O)=O)=C[C@H]2O
Amb24325966,1,COc(cc(CCCO)cc1[C@@H]2CO)c1O[C@@H]2c(cc1)cc(OC)c1O
Amb24326008,1,CC(C)C([C@H](C[C@H]1[C@]2(C)CCC3)O)=CC1=CC[C@@H]2[C@@]3(C)C(O)=O
Amb24326104,1,C[C@@H]([C@@H](/C=C/[C@H]([C@@H](C=C1)OC(/C(/C)=C/C)=O)OC1=O)O)O
Amb24326112,1,CC(C)(C[C@@H]1O)C(CCC(C)=O)=C(C)[C@@H]1O[C@H]([C@H]([C@@H]1O)O)O[C@@H](CO)[C@@H]1O
Amb24326147,1,C/C=C(/CN(CC[C@@]123)[C@@H](C4)C2=Nc2c1cccc2)\[C@H]4[C@H]3C(OC)=O
Amb24326204,1,CC(C)(CCC1)[C@H](C2)[C@@]1(C)C(CC/C(/C)=C/C(O)=O)=C(C)C2=O
Amb24326212,1,CC/C=C\C[C@H](C[C@H](C)O[C@H]([C@H]([C@@H]1O)O)O[C@@H](CO)[C@@H]1O)O
Amb24326278,1,C[C@@H](CCCOC(C)=O)C([C@H]([C@@H]1C2=C)O)=C(C)C[C@H]1OC2=O
Amb24326289,1,CC(C)[C@H](C)C[C@@H]([C@](C)([C@H](CC1)[C@](C)(CC[C@@H]([C@](C)(C[C@H]2O)[C@H]3C[C@@H]2O)C2=CC3=O)[C@@]12O)O)O
Amb24326292,1,C[C@@H](CC[C@@H](C(C)(C)C1)C(C)=CC1=O)O[C@H]([C@H]([C@@H]1O)O)O[C@@H](CO)[C@@H]1O
Amb24326293,1,C[C@H](C[C@@H]([C@@H](C[C@@]1(C)[C@@H]2O)C3=C)OC3=O)C1=CC2=O
Amb24326309,1,COc(c(OC)c1)cc([C@@H](CC2)[C@H](CC[C@@]3(C4)C=CC5)[C@@]33[N+]25=O)c1N3C4=O
Amb24326322,1,CC(C)[C@@H](C(O[C@H]1Cc2ccccc2)=O)N(C)C1=O
Amb24326324,1,C[C@H]([C@@H]([C@@H]([C@@H](C(CO)=CC1=O)C1=C(C)C1)O2)[C@H]1OC(Cc(cc1)ccc1O)=O)C2=O
Amb24326325,1,C[C@]1(O[C@H]2CC[C@H]1O)Oc1c2c(O)c(C(c(c(OC)cc(OC)c2)c2C(OC)=O)=O)c(OC)c1
Amb24326330,1,CC[C@@H](C[C@H]1C(C)=C[C@H](CCCC2)[C@@H]2[C@]11C)O[C@]1(C(O[C@@]1(C)O)=O)OC1=O
Amb24326349,1,Cc1cc(OC)c(C(c(c(C(OC)=O)cc(OS(O)(=O)=O)c2)c2OC)=O)c(O)c1
Amb24326360,1,C[C@@]([C@@H]([C@@H]([C@@](C1)(C2)[C@H]3CC[C@@H]1C2=C)C(O)=O)[C@@]3([C@@H](C1)O)O2)([C@H]1O)C2=O
Amb24326373,1,CC(C)(C=C1)Oc(c(CC(C(C)=C)O)c2O)c1c(OC=C1c(ccc(O)c3)c3O)c2C1=O
Amb24326415,1,C[C@H](C1)OC(O[C@](C)(CC[C@H]2C(C)(C)C=C3)[C@H](C4)[C@@]2(C)C3=O)=C4C1=O
Amb24326417,1,CC(C[C@H]([C@@H]([C@H]([C@@H]1C(CO)=C2)O)C(C(OC)=O)=C)OC(Cc(cc3)ccc3O)=O)=C1C2=O
Amb24326420,1,CC(C)([C@@H]1O[C@@H]1C([C@]1(C)[C@@H](C2)[C@](C)(CC3)OC(O[C@@H](CO)C4)=C2C4=O)=O)[C@]13O
Amb24326425,1,COc1cc(CC(CO)O)cc(OC)c1OC
Amb24326426,1,COc(c(CC(CO)O)c1)cc(OC)c1OC
Amb24326427,1,C[C@](CC(/C=C(\C)/C[C@@H](C=C(C)C)O)=O)([C@H]1CC=C(C)CC1)O
Amb24326432,1,CC(C)(CCc(c(Oc1cc(O[C@@H]2OC=C[C@H]22)c2c(O)c11)c2C1=O)ccc2O)O
Amb24326433,1,C[C@H]([C@@H]1C)[C@H](c(cc2)cc(OC)c2O)O[C@@H]1c(cc1)cc(OC)c1O
Amb24326434,1,CCC/C=C/C=C/[C@@H](C[C@H]([C@@H]1O)O)[C@]1(C(O)=O)O
Amb24326436,1,CC(C)CC(c(c(OC)c1C(O)=O)ccc1Oc(c(/C=C/C(C)=O)cc(C)c1)c1O)OC
Amb24326439,1,CC(C)(CCc(c(Oc1cc(O[C@@H]2OC=C[C@H]22)c2c(OC)c11)c2C1=O)ccc2O)O
Amb24326441,1,CC(C)[C@@H](C(N[C@@H](C(C)C)C(N[C@@H](Cc1ccccc1)C(O)=O)=O)=O)NC(C)=O
Amb24326442,1,COC(/C=C/c(cc1)ccc1Oc(cc(/C=C/C(OC)=O)cc1)c1O)=O
Amb3940371,1,C/C(/CO)=C(\C(OC)=C1)/OC1=O
Amb19132244,1,CCCCCCC(C(N1C(C(C)C)C(O)=O)=O)=C(CC(O)=O)C1=O
Amb23603981,1,C[C@]1([C@@H]2C(C)(C)CCC1)[C@](CC1)(C(C(O)=O)=C[C@]1(C)C=C)OC2=O
Amb28465160,1,COc(cc([C@H]([C@@H](CO)c1cc(/C=C/CO)c2)Oc1c2O)cc1)c1O
Amb28974702,1,C[C@](C1)([C@@H](CC2)[C@H](CCC([C@]3(C)C=C4)=CC4=O)[C@@H]3C1=O)[C@]2(C(COC(C)=O)=O)O
Amb28521427,1,C=CCc(ccc(O)c1)c1O
Amb23438520,1,C[C@]([C@H](CC[C@]12CC=C(C)CC3)[C@]23OC(C)=O)(/C=C/C=C(\C)/C(OC)=O)OC1=O
Amb23438624,1,C[C@](CC1)(CC[C@@H](C2)C(C(OC)=O)=C)C2=C1C(C)=O
Amb23438703,1,Oc1cc(C(CC2=O)Oc3c2c(O)cc(O)c3)cc(O)c1
Amb23438776,1,C[C@@H](CC1)[C@@](C)(CCC2=C[C@H](OC)OC2=O)[C@H]2[C@@]1(C)C(C(O)=O)=CCC2
Amb29085639,1,C/C=C/C/C=C/CCC([C@@H]1O[C@@H]1C(N)=O)=O
Amb21912495,1,CCC(C)/C=C(\C)/C=C/C(C(C(N(C=C1c(cc2)ccc2O)O)=O)=C1O)=O
Amb29085640,1,O=C(CCC1)N2[C@@H]1[C@H](C1)CN(CCCC3)[C@@H]3[C@H]1C2
Amb2721674,1,CC(O1)=Cc(oc(-c(cc2)ccc2OC)c2C(C(OC(C)=C3)=O)=C3O)c2C1=O
Amb22458471,1,CN(CC1)C(C2)c3c1c(OC)c1OCOc1c3-c(cc1OC)c2cc1OC
Amb28533251,1,C(CC1)C[C@H]2N1C[C@@H]1[C@H](CCCC3)N3C[C@H]2C1
Amb28533252,1,COc1cc(OC)c(/C=C2\Oc(c(C(C3)C4=COc(cccc5)c5C4=O)c(cc4)OC3=O)c4C2=O)cc1
Amb22584717,1,CC/C=C\C/C=C\[C@H]([C@H]([C@H](CCCCCCCC(O)=O)O)O)O
Amb29085609,1,CC(C)C1(CC=C(C)CC1)O
Amb29085617,1,C[C@@]1(CC2)c(cc(cc3)OC(NC)=O)c3N(C)[C@@H]1N2C(NC)=O
Amb29085648,1,COc(cc(CCNC1Cc(cc2)ccc2O)c1c1)c1OC
Amb29085655,1,CN(CCc1c2)C(Cc(cc3)ccc3O)c1cc(O)c2OC
Amb29085654,1,C[C@H](CN(C[C@H]1CCC(OCC2)=C3C2=C2C(OC)=O)[C@H](C4)[C@]1(C)C3=C2C1=O)[C@]14O
Amb29085662,1,C[C@@H](C1)C[C@@]23N(C)CCC[C@@H]3[C@H]1CC1=C2CCC(O)=N1
Amb29085663,1,CC(C)=CCn1c(cc(cc2)OC)c2c([C@H]([C@@]2(C(N3[C@@H]4CCC3)=O)O)O)c1[C@@H](C=C(C)C)N2C4=O
Amb18511477,1,C[C@H]([C@H](CC1)[C@](C)(CC2)[C@H]1[C@@H](CC1)[C@@H]2[C@](C)(CC=C2NC(C=C(C)C)=O)[C@H]1C2=O)N(C)C
Amb2715522,1,C[C@H](C1)C[C@@]2([C@H](CCC3)[C@@H]4O)N3CCC=C2[C@@H]1[C@@H]4O
Amb29085693,1,COc1cc([C@@H]2OC[C@@H]3[C@@H](c(cc4OC)cc(OC)c4OC)OC[C@H]23)cc(OC)c1
Amb22232268,1,CC1(C)Oc2c(CC=C(C)C)c(OCCC3=O)c3c(O)c2C=C1
Amb6298025,1,CN(CC1)C(CC(C=C2)(C=CC2=O)c2c3O)c2c1cc3OC
Amb29085727,1,CCCCCCCCCC(NCc(cc1)cc(OC)c1O)=O
Amb23604618,1,CC(C)=CCc1cc(C(CC2=O)Oc3c2c(O)cc(O)c3)cc(O)c1O
Amb29085775,1,COc1cc([C@H]([C@H]([C@@H](CO2)[C@@H]3O)C2=O)c2c3cc3OCOc3c2)cc(OC)c1OC
Amb29085780,1,CC(C)(C[C@@H]([C@]1(CO)C2)C3=CC[C@H]([C@@](C)(CC4)[C@@H](CC5)[C@](C)(CO)[C@@H]4O)[C@]5(C)[C@]3(C)C[C@@H]1O)[C@H]2O
Amb29085783,1,C[C@@H]([C@@H]1C)[C@H](c(cc2)cc(OC)c2OC)O[C@@H]1c(cc1)cc(OC)c1OC
Amb29085789,1,COc1ccc(C=CC(O2)=O)c2c1OC
Amb19650856,1,C[C@@](CCC1)([C@@H](CC[C@@H](C2)[C@](CO)(C3)O)[C@@]23CC2)[C@@H]2[C@@]1(CO)C(O)=O
Amb8513172,1,CC(C)([C@H](CC1)CC[C@@]1(C)O)O
Amb29085845,1,Oc1ccc(C(c2ccccc2)=CC(O2)=O)c2c1O
Amb533596,1,CC([C@@H]1[C@@H]2OC3=O)=CCC1=C(C)CC[C@H]2C3=C
Amb5717545,1,CO[C@@H]([C@H](CO)O[C@@H]([C@H]1O)Oc(cc2O)cc(OC=C3c(cc4)ccc4O)c2C3=O)[C@H]1O
Amb22234533,1,CC(Oc(cc1)ccc1C1=COc(cc(cc2)OC(C)=O)c2C1=O)=O
Amb8513177,1,CC(O[C@H]([C@H](C=CC1=O)OC(c2ccccc2)=O)[C@]1(COC(c1ccccc1)=O)O)=O
Amb22753024,1,COc(cc(cc1)C(C(c2c3O)=O)=COc2cc(O)c3OC)c1O
Amb22745523,1,Cc1cc(OC(c(c(C)cc(OC)c2C)c2OC)=O)c(C)c(O)c1C(O)=O
Amb29085908,1,CC(C)(CCC1)[C@](CC2)(CC[C@@H]2C(O)=O)C1=C
Amb18655212,1,C[C@@H](C[C@@H]1C(C)(C)[C@@H]1[C@@H]1C=C2[C@@H]([C@]3([C@@H](C(C)=C4)O)O)OC(C)(C)OC2)[C@@]34C1=O
Amb29844169,1,C[C@H]([C@H](CC1)[C@](C)(CC2)[C@H]1[C@@H](C[C@@H]1O[C@]11[C@@H](C=C3)O)[C@@H]2[C@]1(C)C3=O)[C@H](CC(C)=C1CO)OC1=O
Amb29844193,1,CC(C)c1cc(CC[C@H]2[C@]3(C)CCC[C@@]2(C)C(O)=O)c3cc1
Amb29844214,1,CC(C)([C@H](CC1)O[C@@]1(C)[C@H](CC1)[C@H]([C@H](C2)O)[C@@]1(C)[C@@](C)(C[C@H]1O)[C@@H]2[C@](C)(CC2)[C@H]1C(C)(C)[C@H]2O)O
Amb22745716,1,COc1cc(OC(CC2)c(cc3)ccc3O)c2cc1
Amb29844276,1,CC(C)([C@@H]1O)Oc2cc(OC(C=C3)=O)c3cc2[C@H]1OC(/C(/C)=C\C)=O
Amb29844277,1,COc1cc(CC(COC2=O)/C2=C\c(cc2)cc3c2OCO3)cc(OC)c1OC
Amb29844295,1,CC(Oc1cc2cccc(O[C@H]([C@H]([C@@H]3O)O)O[C@@H](CO)[C@@H]3O)c2c(O)c11)=CC1=O
Amb29844302,1,NCC(c1ccccc1)OC(c1ccccc1)=O
Amb29844316,1,C[C@@H]([C@@H](/C=C/c1ccccc1)O)N
Amb29844402,1,CC(C)[C@]([C@H](C)OC(/C(/C)=C/C)=O)(C(OCC1=CCN(CC2)[C@H]1[C@@H]2O)=O)O
Amb29844415,1,CC(C)[C@]([C@H](C)O)(C(OC[C@H]1[C@@H](CCC2)N2CC1)=O)O
Amb29844439,1,CC[C@@](C)([C@](C)([C@@](C)(C(OCC1=CCN(CC2)[C@H]1[C@@H]2O1)=O)O)O)C1=O
Amb28532986,1,CC[C@H](C)[C@]([C@H](C(O[C@@H](C)[C@](C(C)C)(C(OCC1=CCN(CC2)[C@@H]1[C@H]2O1)=O)O)=O)O)(C1=O)O
Amb29847031,1,C[C@H](C/C(/C(O[C@H](CCN1CC2)C1=C2COC1=O)=O)=C/C)[C@@H]1O
Amb28532919,1,C/C=C(/CC([C@@](CO)(C(OCC1=CCN(CC2)[C@@H]1[C@H]2O1)=O)O)=C)\C1=O
Amb28533019,1,C[C@H]([C@H](C)C(C(O[C@@H](CC1)[C@H]2N1CC=C2COC1=O)=O)=C)[C@]1(C)O
Amb28532884,1,COc(cc([C@H]([C@H](CO)Oc1c(c(C=C2)c3)OC2=O)Oc1c3OC)cc1)c1O
Amb28533044,1,Oc1cc(C=O)cc(O)c1
Amb28532885,1,CN(CC1)[C@@H]([C@H](c2ccc3OCOc3c22)OC2=O)c(cc2O)c1cc2OC
Amb3987639,1,C[C@@]1(C([C@@]2(C)O)=O)C(C)=C[C@@H]([C@](C)(CC3)[C@H](CC4)C(C)(C)[C@@H]3O)[C@@]4(C)[C@@]1(C(OC)=O)C2=O
Amb28533122,1,COc(cc(/C=C/C(O[C@@H]([C@@](Cc(cc1)ccc1O)(C(O)=O)O)C(O)=O)=O)cc1)c1O
Amb28533005,1,Oc1ccc(C(C2)OC(/C=C/c(cc3)ccc3O)=CC2=O)cc1
Amb29847114,1,C[C@@H](C[C@@H](C1=C2CCC[C@@H]11)OC2=O)[C@]1(C[C@H](c1cocc1)O1)C1=O
Amb28532902,1,C[C@@H](C/C=C/C=C/[C@H]1C(C)=C[C@H](C[C@H](C)CC2)[C@@H]2[C@]1(C)/C(/O)=C(/C(O)=C(CO)N1)\C1=O)O
Amb28532903,1,C[C@@H](C/C=C/C=C/[C@H]1C(C)=C[C@H](C[C@H](C)CC2)[C@@H]2[C@]1(C)/C(/O)=C(/C(O)=C(CO)N1C)\C1=O)O
Amb28533152,1,CC(C)(CCC1)[C@H]([C@H](C=C2COC3=O)OC(CCC(O)=O)=O)[C@@]1(C)[C@@]23O
Amb28532901,1,CC[C@@H](C)[C@H]([C@H](C)C([C@H](C)/C=C(\C)/C[C@H](C)[C@@H]([C@@H]1C)OC1=O)=O)O
Amb28533160,1,O[C@@H](Cc(cc1)cc(-c(cc(CCC([C@H]2O)=O)cc3)c3O)c1O)[C@H]2O
Amb28533162,1,CCCCCCCCCCC(C(O)=O)O
Amb28532907,1,C/C(/CCC(C(C)=C)O)=C\COc(cc1)cc(O2)c1C=CC2=O
Amb28533187,1,Cc1cc(Oc(c(O)c2C)c(C)c(C(OC)=O)c2OC)c(CO)c(OC)c1
Amb28533213,1,OCc1cc(C(Oc(c2ccc3)c-4ccc2c3O)=O)c4c(O)c1
Amb28533239,1,C[C@H](C1)OC(O[C@@](C)([C@H](C2)[C@](C)([C@@H](C3)C(C)(C)[C@H](C4)O)C4=O)[C@H]3O)=C2C1=O
Amb28532927,1,CC[C@@H]([C@@H](C/C=C\C/C=C\CCCCCCCC(O)=O)O)OC
Amb28532932,1,CC(C)([C@H](CC[C@@](C)(/C=C/C/C(/C)=C/COc(cc1)cc(O2)c1C=CC2=O)O)O)O
Amb28533165,1,C[C@H]([C@H](CCC(C)=C([C@@H]1C(CO)=C2)C2=O)[C@@H]1O1)C1=O
Amb29847124,1,CCCCCCC(C(N1CCCC(O)=O)=O)=C(CC(OC)=O)C1=O
Amb28532977,1,O[C@@](Cc(cc1)ccc1O)([C@H](C(O)=O)OC(/C=C/c(cc1)ccc1O)=O)C(O)=O
Amb28532978,1,CCC(O[C@@H]([C@@H](C)C(O)=O)[C@H](C)c1c(/C=C/CO)cc(C)cc1)=O
Amb29847151,1,C[C@H](C/C=C/C=C(\C)/C(OC)=O)[C@H](CC(O)=O)O
Amb29847152,1,CC(CC(C=C(C)C)=O)c(ccc(C)c1)c1O
Amb29847153,1,CC(CC(C=C(C)C)=O)c(cc1)cc(C)c1O
Amb29847154,1,C[C@@H]([C@H](C)O)[C@@H]([C@H](C)c1c(/C=C/CO)cc(C)cc1)O
Amb29847162,1,CC(C)([C@@H](C1)Oc2c1c(O[C@H]([C@H]([C@@H]1O)O)O[C@@H](CO)[C@@H]1O)c(CCC(OC)=O)cc2)O
Amb30406010,1,COc1cc([C@@H]([C@H](CO)[C@@H]2CO)O[C@@H]2c(cc2OC)cc(OC)c2O)cc(OC)c1O
Amb30450800,1,CC/C=C\C/C=C\C[C@@H]([C@@H](C[C@@H](CCCCCC(O)=O)O)O)O
Amb533933,1,CC[C@H](C)[C@@H](C(N([C@@H]1[C@]2(C[C@H]3N(C=Nc4c5cccc4)C5=O)O)c4c2cccc4)=O)N1C3=O
Amb2447471,1,CCCCCCC/C=C/C(N(C1CC(C)C)C(O)=C(C(C)=O)C1=O)=O
Amb9786663,1,C[C@H](CCC(O)=O)[C@@H](CC1)[C@@](C)(CC[C@@H]2[C@@](C)(CC[C@@H](C3)O)[C@H]3C3)[C@@H]1[C@@H]2[C@H]3O
Amb8513253,1,COC(CCCCCCCCC#C)=O
Amb19200806,1,CC(C)([C@H]1C[C@]2(C)CC1)[C@@H]2O
Amb25708717,1,CC(C)([C@@H](CC1)C2=O)[C@@]1(C)C2=O
Amb10070600,1,COC(CCCCCCC(O)=O)=O
Amb18511640,1,CCN(C)C(c1c(N2CCNCC2)nccc1)=O
Amb1154110,1,O=C(c(cccc1)c1C(OC1CCCCC1)=O)OC1CCCCC1
Amb22173736,1,CC(C)(C)C(O[C@@H]([C@@H](C(O)=O)OC(C(C)(C)C)=O)C(O)=O)=O
Amb22174090,1,COc1cc(O)cc(O)c1
Amb10845234,1,COc1cc([C@@H]([C@H]([C@H](CO2)[C@@H]3O)C2=O)c2c3cc3OCOc3c2)cc(OC)c1O
Amb22407047,1,Oc(cc1)cc(O)c1C(/C=C/c1ccccc1)=O
Amb10844961,1,CN(CC1)[C@@H]([C@@H]2c(cc3OC)c4cc3OC)C1=CC[C@H]2O[C@@H]4O
Amb19928493,1,CC(C)(CCC1)[C@@H](CC2)[C@]1(C)[C@H](C/C=C(/CC(O)=O)\C=O)C2=C
Amb8398282,1,Oc1ccc(Cc2ccc(CCc3ccccc3)o2)cc1
Amb8401621,1,CC[C@]1(C[C@H]([C@@H]([C@]23CC4)Nc5c2cccc5)C(O)=O)[C@@H]3N4CCC1
Amb15770159,1,CN(CC1)[C@H]([C@H]([C@H]2O3)c(cc4OCOc4c4)c4C3=O)C1=C[C@H]2O
Amb19886289,1,C/C(/CCCC(C)=O)=C\CC/C(/C)=C\C(O)=O
Amb8398827,1,CCC/C=C/C=C/CC(CC(O)=O)N
Amb10549480,1,Oc(ccc(/C=C/C(OCc1ccccc1)=O)c1)c1O
Amb10549811,1,CCCCC[C@@H](C[C@@H](CC(O)=O)O)O
Amb15770064,1,CC(C)=CCc(c(O)c(cc1)C(CCc(cc2)ccc2O)=O)c1O
Amb22545244,1,C[C@@H]1C=C[C@@H](CCCC2)[C@H]2[C@H]1CC[C@@H](C[C@H](C1)O)OC1=O
Amb22545351,1,COc(cc1)ccc1C(Oc(c(C1=O)c2OC)cc3c2OCO3)=C1OC
Amb8515405,1,C[C@H](C([C@@](C)([C@H]1[C@](C)([C@@H](C2)[C@@](C)([C@H](C3)C4(C)C)C=CC4=O)[C@@H]3OC(C)=O)C2=C)=O)OC1=O
Amb23438489,1,CCCCCC(C(C[C@H]1O)=O)=C(CO)[C@H]1O
Amb23438551,1,CC(CC(O1)=Cc2cc(OC)cc(OC)c2C1=O)O
Amb23438552,1,OC(CCc(cc1)ccc1O)C(O)=O
Amb16182847,1,COC(CCc(cc1)cc(O)c1O)=O
Amb22888478,1,CCCCCCCCOC(C)=O
Amb24107267,1,CCCC(O)=O
Amb24107317,1,CCCCCC/C=C\[N+](\[O-])=N\[C@@H](COC)[C@H](C)O
Amb24107332,1,C[C@@H]([C@@H]([C@@H]1C=C[C@H](C[C@H](C)CC2)[C@@H]2[C@]1(C)C1=O)[C@@]11C(N(C)[C@H]2CO)=O)O[C@]12O
Amb24326279,1,COc1cc(OC)c(/C=C/C(O)=O)cc1
Amb24326378,1,COc(c(OC)c1)cc(CCN2)c1C2=O
Amb24326438,1,C[C@](C[C@]1(C2)CC3)(CC[C@@H]1[C@@](C)(CCC1)[C@@H]3[C@@]1(C)C(OC)=O)C2=O
Amb28974699,1,C[C@H](CC[C@@H]([C@@]1(C)[C@H](CC2)C(C)(C)CCC1)[C@@]2(C)O)CCO
Amb6298317,1,COc1cc(N([C@]([C@@H](CC2)[C@@H]3CC4)([C@]2(C2)C=CC5)[N+]45=O)C2=O)c3cc1
Amb29085635,1,COc(cc(/C=C/C(Nc(ccc(O)c1)c1C(O)=O)=O)cc1)c1O
Amb29085697,1,C[C@@H](CCCCCCCCCCC[C@@H](CC(O)=O)O)O
Amb22893208,1,Cc1c(c([C@@H]([C@H]([C@]2(CO3)c4c5c(C)cc(O)c4C3=O)O)C5=O)c2c(O)c2OC3=O)c2c3c(O)c1
Amb8627683,1,CC(C1CC=C(C)CC1)=C
Amb28533016,1,CCCC(c(c(OC(C)(C)C=C1)c1c(O[C@H](C)[C@H]1C)c2[C@H]1O)c2O1)=CC1=O
Amb29847068,1,CC(C)(CCC1)C(CC2)(CC=C2C=O)C1=C
Amb28532890,1,COC(CC=C1C2=CN(CCc3c4c(OC)c5OCOc5c3)C4=C1)=C2OC
Amb29847084,1,CN(c(cccc1)c1C(O)=C1CC(C(N(C)c2c3cccc2)=O)=C3O)C1=O
Amb28533180,1,CC[C@H]1[C@@H](CC2)C[C@H]([C@@H](c3c(cc(cc4)OC)c4ncc3)O)N2C1
Amb28533218,1,CC(C)CCCCCCCC(NCc(cc1)cc(OC)c1O)=O
Amb29847140,1,C[C@](CC[C@@H]([C@](C)(CCC1)[C@H](CC2)[C@@]1(C)C(O)=O)C2=C)(C=C)O
Amb22535670,1,CCCCCC/C=C/[C@@H]([C@@H](C#CC#C[C@H](C=C)O)O)O
Amb24107455,1,CC(C)=CCc(c(O)c1)cc2c1OC(c(cc1)ccc1O)=CC2=O
Amb2778508,1,C[C@@H](C1)OC(O[C@@](C)(CC[C@@]2(C(C)(C)[C@@H](C3)O)O)[C@@H](C4)[C@]2(C)C3=O)=C4C1=O
Amb18649728,1,C[C@@H](CC1)C[C@H]([C@H]2/C=C/C)C1=C(C)C=C2C(C(C(NC=C1c(cc2)ccc2O)=O)=C1O)=O
Amb29085674,1,C=CCc1cc(O[C@H]([C@H]([C@@H]2O)O)O[C@@H](CO)[C@@H]2O)c2OCOc2c1
Amb22535667,1,Cc(cc1)ccc1C(O[C@@H]([C@@H](C(O)=O)OC(c1ccc(C)cc1)=O)C(O)=O)=O
Amb6608788,1,CC(O1)=CC(OC)=CC1=O
Amb23438455,1,CC(C)(CC1)[C@H]([C@H]([C@]([C@]([C@@H]2O)([C@@H]3CC[C@@H]2C2=C)C2=O)(O)OC2)O)[C@]23[C@@H]1O
Amb8397769,1,CC1(C)O[C@H]1COc1c(cco2)c2cc(O2)c1C=CC2=O
Amb23438556,1,CC/C=C/CC1=C(CCCCC(CCC(O)=O)OC(C)=O)CCC1=O
Amb23438595,1,CC(C)(C1)[C@@H](CC/C(/C(O)=O)=C\CC2)[C@H]1C2=C
Amb23438596,1,CC(C)[C@@H](CC[C@]1(C)C[C@H]([C@@H](CO)C2)[C@H]3[C@H]2O)/C1=C/C[C@]3(C)O
Amb23438699,1,C[C@@H](C[C@]([C@H]1[C@H](C([C@@H](C[C@@H]2C(C)(C)[C@H]2/C=C2/C)O)=C)O)(C2=O)O)[C@@H]1O
Amb19134281,1,CC(C)[C@H](CC([C@@H](C)CC/C=C(/C)\C1)=O)C1=O
Amb19134279,1,CC(C)([C@H](C1)OC2)[C@@H]([C@@H](C([C@](C3)([C@H]4OC(C)=O)[C@@H]5CC[C@H]3C4=C)=O)O)[C@]25C1=O
Amb22748576,1,C[C@H]([C@]1(C[C@@]234)C=CCN(CC5)[C@@H]1[C@@]45c(cccc1)c1NC2=O)C3=O
Amb24052519,1,C/C=C(\CN(CC[C@@]123)[C@]3([C@@H](C3)O)Nc4c1cccc4)/[C@H]3[C@@]2(CO)C(OC)=O
Amb6298436,1,C[C@@](CO)([C@@H](CC1)[C@@](C)(CC2)[C@@H](CC[C@H](C3)C4=C)[C@]13[C@H]4O)[C@H]2O
Amb24324696,1,C[C@](CCC1)([C@@H]([C@@H](C[C@@]2(C[C@H](CC3)C4=C)C4=O)O)[C@@]1(C)C(O)=O)[C@]23O
Amb24325613,1,COc(cc1)cc(O2)c1C=CC2=O
Amb24325694,1,C[C@@](C[C@H](c1cocc1)O1)([C@@H](CC2)C1=O)[C@@H]([C@H](C=C1)OC3=O)[C@@]2(C)[C@]13O
Amb24325895,1,CC(C)([C@@H]12)[C@@H]2/C=C(/C)\CC/C=C(/C)\C[C@@H]1O
Amb24326033,1,C[C@@H]([C@]1(C)O[C@H]11)O[C@]1(C)/C=C(\C)/[C@H]([C@@](C)(/C=C(\C)/C(O1)=C(C)C(OC)=CC1=O)O)O
Amb24326266,1,CC(C)CC(O[C@H]([C@H]1OC(CC(C)C)=O)C(C)(C)Oc(cc2)c1c(O1)c2C=CC1=O)=O
Amb8439833,1,C(CC1)C[C@@H]2N1C[C@H]1[C@H](CCCC3)N3C[C@@H]2C1
Amb29085588,1,C[C@@H]([C@H](C=C1C([C@H]2O[C@]2(C)CC/C=C(\C)/CC2)=O)O)[C@@]2(C)C1=C
Amb29085578,1,CC[C@@H](C)C(O[C@H]([C@H]([C@H](/C=C(/CO)\CC/C=C1/C=O)OC2=O)C2=C)[C@@H]1OC)=O
Amb2404913,1,CC(C)CC(O[C@@H](C/C(/C=O)=C\CC/C(/COC(C)=O)=C\[C@@H]1OC2=O)[C@H]1C2=C)=O
Amb29085650,1,CC[C@@H](C)C(O[C@@H](C/C(/C=O)=C\CC/C(/COC(C)=O)=C\[C@@H]1OC2=O)[C@H]1C2=C)=O
Amb29085687,1,CC[C@@H](C)C(O[C@H]([C@H]([C@H](/C=C(/C)\CC/C=C1/C=O)OC2=O)C2=C)[C@@H]1OC)=O
Amb29085831,1,CC(C)C[C@@H]([C@@H]([C@@]1([C@@H]2/C=C(/C)\CC[C@@H]([C@@H]([C@@H](C3)OC)O)O)C3=O)C(C)=C(C)[C@@H]2OO)NC1=O
Amb29085832,1,CC(C)C[C@@H]([C@H]([C@H](C)C(C)=C[C@H]1/C=C(\C)/CC[C@@H]([C@@H]2OC(C)(C)O[C@@H]2C2)O)[C@@]11OC2=O)NC1=O
Amb29085847,1,C[C@@H]([C@H]([C@H](/C=C(/C)\[C@@H](C/C=C(/C)\C1)O[C@H]([C@@H]([C@@H]2O)O)O[C@@H](CO)[C@@H]2O)O2)[C@H]1O)C2=O
Amb28533106,1,Oc1ccc(C(COc2c3ccc(O)c2)C3=O)cc1
Amb29847160,1,O[C@@](C[C@@](C1=C2CCC[C@@]11)OC2=O)[C@@]1(C[C@@](c1cocc1)O1)C1=O
Amb30406008,1,C[C@H](C[C@@H]1C(C)(C)[C@H]1[C@H]1C=C(COC(C)=O)[C@@H]([C@]2([C@H](C(C)=C3)OC(/C(/C)=C\C)=O)O)O)[C@]23C1=O
Amb23438601,1,CC(C)([C@H](C1)OC(/C(/C)=C/C)=O)Oc(cc2)c1c(O1)c2C=CC1=O
Amb22800610,1,COc(ccc(C1=COc(cc(cc2O)O)c2C1=O)c1)c1O
Amb31207333,1,C[C@@H](C/C(/C(O[C@H](CCN(C)C/C=C1/COC2=O)C1=O)=O)=C\C)[C@@]2(C)OC(C)=O
